step,mailly,moulin,unmet_mailly,unmet_moulin,final_imbalance,run_id
0,11,4,0,0,7,0
1,11,4,0,0,7,0
2,10,5,0,0,5,0
3,11,4,0,0,7,0
4,11,4,0,0,7,0
5,12,3,0,0,9,0
6,13,2,0,0,11,0
7,13,2,0,0,11,0
8,14,1,0,0,13,0
9,14,1,0,0,13,0
10,14,1,0,0,13,0
11,13,2,0,0,11,0
12,13,2,0,0,11,0
13,12,3,0,0,9,0
14,12,3,0,0,9,0
15,12,3,0,0,9,0
16,11,4,0,0,7,0
17,12,3,0,0,9,0
18,12,3,0,0,9,0
19,11,4,0,0,7,0
20,10,5,0,0,5,0
21,9,6,0,0,3,0
22,9,6,0,0,3,0
23,9,6,0,0,3,0
24,9,6,0,0,3,0
25,9,6,0,0,3,0
26,9,6,0,0,3,0
27,10,5,0,0,5,0
28,10,5,0,0,5,0
29,9,6,0,0,3,0
30,8,7,0,0,1,0
31,9,6,0,0,3,0
32,9,6,0,0,3,0
33,8,7,0,0,1,0
34,9,6,0,0,3,0
35,8,7,0,0,1,0
36,7,8,0,0,-1,0
37,6,9,0,0,-3,0
38,6,9,0,0,-3,0
39,6,9,0,0,-3,0
40,5,10,0,0,-5,0
41,4,11,0,0,-7,0
42,3,12,0,0,-9,0
43,4,11,0,0,-7,0
44,5,10,0,0,-5,0
45,5,10,0,0,-5,0
46,6,9,0,0,-3,0
47,6,9,0,0,-3,0
48,5,10,0,0,-5,0
49,5,10,0,0,-5,0
50,6,9,0,0,-3,0
51,7,8,0,0,-1,0
52,6,9,0,0,-3,0
53,7,8,0,0,-1,0
54,8,7,0,0,1,0
55,9,6,0,0,3,0
56,9,6,0,0,3,0
57,9,6,0,0,3,0
58,9,6,0,0,3,0
59,10,5,0,0,5,0
60,10,5,0,0,5,0
61,10,5,0,0,5,0
62,10,5,0,0,5,0
63,9,6,0,0,3,0
64,9,6,0,0,3,0
65,9,6,0,0,3,0
66,9,6,0,0,3,0
67,9,6,0,0,3,0
68,8,7,0,0,1,0
69,8,7,0,0,1,0
70,9,6,0,0,3,0
71,10,5,0,0,5,0
72,9,6,0,0,3,0
73,10,5,0,0,5,0
74,10,5,0,0,5,0
75,10,5,0,0,5,0
76,11,4,0,0,7,0
77,11,4,0,0,7,0
78,11,4,0,0,7,0
79,11,4,0,0,7,0
80,10,5,0,0,5,0
81,10,5,0,0,5,0
82,9,6,0,0,3,0
83,8,7,0,0,1,0
84,8,7,0,0,1,0
85,7,8,0,0,-1,0
86,7,8,0,0,-1,0
87,8,7,0,0,1,0
88,8,7,0,0,1,0
89,8,7,0,0,1,0
90,9,6,0,0,3,0
91,10,5,0,0,5,0
92,9,6,0,0,3,0
93,9,6,0,0,3,0
94,10,5,0,0,5,0
95,9,6,0,0,3,0
96,9,6,0,0,3,0
97,9,6,0,0,3,0
98,9,6,0,0,3,0
99,9,6,0,0,3,0
100,10,5,0,0,5,0
101,10,5,0,0,5,0
102,10,5,0,0,5,0
103,9,6,0,0,3,0
104,10,5,0,0,5,0
105,10,5,0,0,5,0
106,9,6,0,0,3,0
107,10,5,0,0,5,0
108,9,6,0,0,3,0
109,8,7,0,0,1,0
110,8,7,0,0,1,0
111,8,7,0,0,1,0
112,7,8,0,0,-1,0
113,7,8,0,0,-1,0
114,7,8,0,0,-1,0
115,7,8,0,0,-1,0
116,7,8,0,0,-1,0
117,7,8,0,0,-1,0
118,6,9,0,0,-3,0
119,6,9,0,0,-3,0
120,6,9,0,0,-3,0
121,6,9,0,0,-3,0
122,5,10,0,0,-5,0
123,5,10,0,0,-5,0
124,5,10,0,0,-5,0
125,5,10,0,0,-5,0
126,4,11,0,0,-7,0
127,5,10,0,0,-5,0
128,6,9,0,0,-3,0
129,6,9,0,0,-3,0
130,7,8,0,0,-1,0
131,7,8,0,0,-1,0
132,7,8,0,0,-1,0
133,6,9,0,0,-3,0
134,7,8,0,0,-1,0
135,8,7,0,0,1,0
136,7,8,0,0,-1,0
137,6,9,0,0,-3,0
138,6,9,0,0,-3,0
139,7,8,0,0,-1,0
140,7,8,0,0,-1,0
141,7,8,0,0,-1,0
142,7,8,0,0,-1,0
143,7,8,0,0,-1,0
144,7,8,0,0,-1,0
145,6,9,0,0,-3,0
146,6,9,0,0,-3,0
147,7,8,0,0,-1,0
148,6,9,0,0,-3,0
149,6,9,0,0,-3,0
150,5,10,0,0,-5,0
151,6,9,0,0,-3,0
152,5,10,0,0,-5,0
153,4,11,0,0,-7,0
154,3,12,0,0,-9,0
155,2,13,0,0,-11,0
156,2,13,0,0,-11,0
157,3,12,0,0,-9,0
158,3,12,0,0,-9,0
159,3,12,0,0,-9,0
160,4,11,0,0,-7,0
161,3,12,0,0,-9,0
162,3,12,0,0,-9,0
163,2,13,0,0,-11,0
164,3,12,0,0,-9,0
165,4,11,0,0,-7,0
166,3,12,0,0,-9,0
167,3,12,0,0,-9,0
168,3,12,0,0,-9,0
169,3,12,0,0,-9,0
170,2,13,0,0,-11,0
171,3,12,0,0,-9,0
172,3,12,0,0,-9,0
173,3,12,0,0,-9,0
174,3,12,0,0,-9,0
175,3,12,0,0,-9,0
176,4,11,0,0,-7,0
177,3,12,0,0,-9,0
178,3,12,0,0,-9,0
179,3,12,0,0,-9,0
180,3,12,0,0,-9,0
181,3,12,0,0,-9,0
182,4,11,0,0,-7,0
183,3,12,0,0,-9,0
184,3,12,0,0,-9,0
185,3,12,0,0,-9,0
186,2,13,0,0,-11,0
187,1,14,0,0,-13,0
188,2,13,0,0,-11,0
189,2,13,0,0,-11,0
190,3,12,0,0,-9,0
191,3,12,0,0,-9,0
192,3,12,0,0,-9,0
193,3,12,0,0,-9,0
194,3,12,0,0,-9,0
195,3,12,0,0,-9,0
196,2,13,0,0,-11,0
197,1,14,0,0,-13,0
198,1,14,0,0,-13,0
199,1,14,0,0,-13,0
200,1,14,0,0,-13,0
201,0,15,0,0,-15,0
202,0,15,0,0,-15,0
203,0,15,0,0,-15,0
204,0,15,0,0,-15,0
205,0,15,0,0,-15,0
206,0,15,1,0,-15,0
207,1,14,1,0,-13,0
208,2,13,1,0,-11,0
209,1,14,1,0,-13,0
210,0,15,1,0,-15,0
211,0,15,2,0,-15,0
212,1,14,3,0,-13,0
213,1,14,3,0,-13,0
214,2,13,3,0,-11,0
215,2,13,3,0,-11,0
216,3,12,3,0,-9,0
217,3,12,3,0,-9,0
218,3,12,3,0,-9,0
219,3,12,3,0,-9,0
220,3,12,3,0,-9,0
221,3,12,3,0,-9,0
222,3,12,3,0,-9,0
223,3,12,3,0,-9,0
224,2,13,3,0,-11,0
225,3,12,3,0,-9,0
226,2,13,3,0,-11,0
227,1,14,3,0,-13,0
228,1,14,3,0,-13,0
229,2,13,3,0,-11,0
230,2,13,3,0,-11,0
231,1,14,3,0,-13,0
232,1,14,3,0,-13,0
233,2,13,3,0,-11,0
234,2,13,3,0,-11,0
235,3,12,3,0,-9,0
236,3,12,3,0,-9,0
237,2,13,3,0,-11,0
238,1,14,3,0,-13,0
239,0,15,3,0,-15,0
240,0,15,4,0,-15,0
241,1,14,4,0,-13,0
242,2,13,4,0,-11,0
243,2,13,4,0,-11,0
244,2,13,4,0,-11,0
245,1,14,4,0,-13,0
246,0,15,4,0,-15,0
247,0,15,4,0,-15,0
248,1,14,5,0,-13,0
249,2,13,5,0,-11,0
250,3,12,5,0,-9,0
251,3,12,5,0,-9,0
252,2,13,5,0,-11,0
253,2,13,5,0,-11,0
254,1,14,5,0,-13,0
255,0,15,5,0,-15,0
256,0,15,6,0,-15,0
257,0,15,7,0,-15,0
258,0,15,7,0,-15,0
259,1,14,7,0,-13,0
260,1,14,7,0,-13,0
261,1,14,7,0,-13,0
262,2,13,7,0,-11,0
263,1,14,7,0,-13,0
264,1,14,7,0,-13,0
265,1,14,7,0,-13,0
266,1,14,7,0,-13,0
267,2,13,7,0,-11,0
268,2,13,7,0,-11,0
269,3,12,7,0,-9,0
270,3,12,7,0,-9,0
271,3,12,7,0,-9,0
272,3,12,7,0,-9,0
273,4,11,7,0,-7,0
274,4,11,7,0,-7,0
275,5,10,7,0,-5,0
276,5,10,7,0,-5,0
277,5,10,7,0,-5,0
278,5,10,7,0,-5,0
279,4,11,7,0,-7,0
280,5,10,7,0,-5,0
281,4,11,7,0,-7,0
282,4,11,7,0,-7,0
283,4,11,7,0,-7,0
284,4,11,7,0,-7,0
285,4,11,7,0,-7,0
286,4,11,7,0,-7,0
287,4,11,7,0,-7,0
288,4,11,7,0,-7,0
289,3,12,7,0,-9,0
290,4,11,7,0,-7,0
291,3,12,7,0,-9,0
292,3,12,7,0,-9,0
293,3,12,7,0,-9,0
294,3,12,7,0,-9,0
295,2,13,7,0,-11,0
296,2,13,7,0,-11,0
297,2,13,7,0,-11,0
298,3,12,7,0,-9,0
299,3,12,7,0,-9,0
300,2,13,7,0,-11,0
301,3,12,7,0,-9,0
302,4,11,7,0,-7,0
303,3,12,7,0,-9,0
304,3,12,7,0,-9,0
305,3,12,7,0,-9,0
306,3,12,7,0,-9,0
307,3,12,7,0,-9,0
308,2,13,7,0,-11,0
309,2,13,7,0,-11,0
310,2,13,7,0,-11,0
311,3,12,7,0,-9,0
312,3,12,7,0,-9,0
313,2,13,7,0,-11,0
314,1,14,7,0,-13,0
315,1,14,7,0,-13,0
316,1,14,7,0,-13,0
317,0,15,7,0,-15,0
318,0,15,7,0,-15,0
319,0,15,8,0,-15,0
320,1,14,9,0,-13,0
321,1,14,9,0,-13,0
322,1,14,9,0,-13,0
323,0,15,9,0,-15,0
324,0,15,9,0,-15,0
325,0,15,9,0,-15,0
326,1,14,9,0,-13,0
327,0,15,9,0,-15,0
328,1,14,10,0,-13,0
329,1,14,10,0,-13,0
330,0,15,10,0,-15,0
331,1,14,11,0,-13,0
332,1,14,11,0,-13,0
333,1,14,11,0,-13,0
334,2,13,11,0,-11,0
335,2,13,11,0,-11,0
336,2,13,11,0,-11,0
337,1,14,11,0,-13,0
338,2,13,11,0,-11,0
339,2,13,11,0,-11,0
340,1,14,11,0,-13,0
341,1,14,11,0,-13,0
342,1,14,11,0,-13,0
343,0,15,11,0,-15,0
344,0,15,11,0,-15,0
345,0,15,12,0,-15,0
346,0,15,13,0,-15,0
347,1,14,13,0,-13,0
348,2,13,13,0,-11,0
349,1,14,13,0,-13,0
350,2,13,13,0,-11,0
351,1,14,13,0,-13,0
352,1,14,13,0,-13,0
353,2,13,13,0,-11,0
354,2,13,13,0,-11,0
355,3,12,13,0,-9,0
356,3,12,13,0,-9,0
357,3,12,13,0,-9,0
358,3,12,13,0,-9,0
359,3,12,13,0,-9,0
360,4,11,13,0,-7,0
361,4,11,13,0,-7,0
362,5,10,13,0,-5,0
363,5,10,13,0,-5,0
364,5,10,13,0,-5,0
365,5,10,13,0,-5,0
366,6,9,13,0,-3,0
367,7,8,13,0,-1,0
368,6,9,13,0,-3,0
369,7,8,13,0,-1,0
370,7,8,13,0,-1,0
371,8,7,13,0,1,0
372,8,7,13,0,1,0
373,8,7,13,0,1,0
374,7,8,13,0,-1,0
375,7,8,13,0,-1,0
376,7,8,13,0,-1,0
377,6,9,13,0,-3,0
378,5,10,13,0,-5,0
379,5,10,13,0,-5,0
380,6,9,13,0,-3,0
381,7,8,13,0,-1,0
382,7,8,13,0,-1,0
383,6,9,13,0,-3,0
384,6,9,13,0,-3,0
385,5,10,13,0,-5,0
386,6,9,13,0,-3,0
387,7,8,13,0,-1,0
388,7,8,13,0,-1,0
389,8,7,13,0,1,0
390,7,8,13,0,-1,0
391,7,8,13,0,-1,0
392,8,7,13,0,1,0
393,9,6,13,0,3,0
394,9,6,13,0,3,0
395,9,6,13,0,3,0
396,9,6,13,0,3,0
397,8,7,13,0,1,0
398,8,7,13,0,1,0
399,8,7,13,0,1,0
400,7,8,13,0,-1,0
401,7,8,13,0,-1,0
402,7,8,13,0,-1,0
403,7,8,13,0,-1,0
404,7,8,13,0,-1,0
405,8,7,13,0,1,0
406,8,7,13,0,1,0
407,7,8,13,0,-1,0
408,7,8,13,0,-1,0
409,8,7,13,0,1,0
410,7,8,13,0,-1,0
411,7,8,13,0,-1,0
412,6,9,13,0,-3,0
413,5,10,13,0,-5,0
414,5,10,13,0,-5,0
415,6,9,13,0,-3,0
416,7,8,13,0,-1,0
417,8,7,13,0,1,0
418,8,7,13,0,1,0
419,9,6,13,0,3,0
420,10,5,13,0,5,0
421,9,6,13,0,3,0
422,9,6,13,0,3,0
423,9,6,13,0,3,0
424,8,7,13,0,1,0
425,8,7,13,0,1,0
426,8,7,13,0,1,0
427,7,8,13,0,-1,0
428,7,8,13,0,-1,0
429,7,8,13,0,-1,0
430,7,8,13,0,-1,0
431,7,8,13,0,-1,0
432,7,8,13,0,-1,0
433,8,7,13,0,1,0
434,8,7,13,0,1,0
435,8,7,13,0,1,0
436,7,8,13,0,-1,0
437,7,8,13,0,-1,0
438,7,8,13,0,-1,0
439,6,9,13,0,-3,0
440,6,9,13,0,-3,0
441,5,10,13,0,-5,0
442,5,10,13,0,-5,0
443,5,10,13,0,-5,0
444,5,10,13,0,-5,0
445,4,11,13,0,-7,0
446,3,12,13,0,-9,0
447,3,12,13,0,-9,0
448,4,11,13,0,-7,0
449,4,11,13,0,-7,0
450,4,11,13,0,-7,0
451,5,10,13,0,-5,0
452,4,11,13,0,-7,0
453,3,12,13,0,-9,0
454,3,12,13,0,-9,0
455,3,12,13,0,-9,0
456,3,12,13,0,-9,0
457,4,11,13,0,-7,0
458,3,12,13,0,-9,0
459,3,12,13,0,-9,0
460,2,13,13,0,-11,0
461,2,13,13,0,-11,0
462,3,12,13,0,-9,0
463,4,11,13,0,-7,0
464,4,11,13,0,-7,0
465,3,12,13,0,-9,0
466,3,12,13,0,-9,0
467,3,12,13,0,-9,0
468,3,12,13,0,-9,0
469,4,11,13,0,-7,0
470,4,11,13,0,-7,0
471,4,11,13,0,-7,0
472,4,11,13,0,-7,0
473,5,10,13,0,-5,0
474,6,9,13,0,-3,0
475,7,8,13,0,-1,0
476,7,8,13,0,-1,0
477,7,8,13,0,-1,0
478,8,7,13,0,1,0
479,7,8,13,0,-1,0
480,7,8,13,0,-1,0
481,7,8,13,0,-1,0
482,7,8,13,0,-1,0
483,7,8,13,0,-1,0
484,7,8,13,0,-1,0
485,6,9,13,0,-3,0
486,6,9,13,0,-3,0
487,5,10,13,0,-5,0
488,6,9,13,0,-3,0
489,6,9,13,0,-3,0
490,6,9,13,0,-3,0
491,6,9,13,0,-3,0
492,7,8,13,0,-1,0
493,6,9,13,0,-3,0
494,5,10,13,0,-5,0
495,4,11,13,0,-7,0
496,3,12,13,0,-9,0
497,3,12,13,0,-9,0
498,2,13,13,0,-11,0
499,2,13,13,0,-11,0
500,2,13,13,0,-11,0
501,2,13,13,0,-11,0
502,2,13,13,0,-11,0
503,2,13,13,0,-11,0
504,1,14,13,0,-13,0
505,0,15,13,0,-15,0
506,0,15,14,0,-15,0
507,0,15,14,0,-15,0
508,1,14,15,0,-13,0
509,2,13,15,0,-11,0
510,3,12,15,0,-9,0
511,4,11,15,0,-7,0
512,3,12,15,0,-9,0
513,4,11,15,0,-7,0
514,5,10,15,0,-5,0
515,4,11,15,0,-7,0
516,4,11,15,0,-7,0
517,4,11,15,0,-7,0
518,5,10,15,0,-5,0
519,5,10,15,0,-5,0
520,4,11,15,0,-7,0
521,4,11,15,0,-7,0
522,5,10,15,0,-5,0
523,5,10,15,0,-5,0
524,5,10,15,0,-5,0
525,5,10,15,0,-5,0
526,5,10,15,0,-5,0
527,6,9,15,0,-3,0
528,7,8,15,0,-1,0
529,7,8,15,0,-1,0
530,7,8,15,0,-1,0
531,6,9,15,0,-3,0
532,6,9,15,0,-3,0
533,6,9,15,0,-3,0
534,5,10,15,0,-5,0
535,5,10,15,0,-5,0
536,5,10,15,0,-5,0
537,5,10,15,0,-5,0
538,5,10,15,0,-5,0
539,6,9,15,0,-3,0
540,6,9,15,0,-3,0
541,6,9,15,0,-3,0
542,5,10,15,0,-5,0
543,5,10,15,0,-5,0
544,4,11,15,0,-7,0
545,4,11,15,0,-7,0
546,4,11,15,0,-7,0
547,5,10,15,0,-5,0
548,6,9,15,0,-3,0
549,7,8,15,0,-1,0
550,7,8,15,0,-1,0
551,7,8,15,0,-1,0
552,6,9,15,0,-3,0
553,6,9,15,0,-3,0
554,6,9,15,0,-3,0
555,7,8,15,0,-1,0
556,7,8,15,0,-1,0
557,7,8,15,0,-1,0
558,7,8,15,0,-1,0
559,7,8,15,0,-1,0
560,7,8,15,0,-1,0
561,8,7,15,0,1,0
562,9,6,15,0,3,0
563,8,7,15,0,1,0
564,8,7,15,0,1,0
565,8,7,15,0,1,0
566,8,7,15,0,1,0
567,8,7,15,0,1,0
568,7,8,15,0,-1,0
569,7,8,15,0,-1,0
570,8,7,15,0,1,0
571,8,7,15,0,1,0
572,8,7,15,0,1,0
573,7,8,15,0,-1,0
574,7,8,15,0,-1,0
575,8,7,15,0,1,0
576,8,7,15,0,1,0
577,8,7,15,0,1,0
578,9,6,15,0,3,0
579,9,6,15,0,3,0
580,9,6,15,0,3,0
581,10,5,15,0,5,0
582,10,5,15,0,5,0
583,9,6,15,0,3,0
584,9,6,15,0,3,0
585,9,6,15,0,3,0
586,9,6,15,0,3,0
587,8,7,15,0,1,0
588,8,7,15,0,1,0
589,8,7,15,0,1,0
590,8,7,15,0,1,0
591,7,8,15,0,-1,0
592,7,8,15,0,-1,0
593,6,9,15,0,-3,0
594,7,8,15,0,-1,0
595,7,8,15,0,-1,0
596,6,9,15,0,-3,0
597,6,9,15,0,-3,0
598,5,10,15,0,-5,0
599,4,11,15,0,-7,0
600,4,11,15,0,-7,0
601,4,11,15,0,-7,0
602,5,10,15,0,-5,0
603,5,10,15,0,-5,0
604,4,11,15,0,-7,0
605,4,11,15,0,-7,0
606,5,10,15,0,-5,0
607,5,10,15,0,-5,0
608,5,10,15,0,-5,0
609,6,9,15,0,-3,0
610,6,9,15,0,-3,0
611,6,9,15,0,-3,0
612,6,9,15,0,-3,0
613,5,10,15,0,-5,0
614,5,10,15,0,-5,0
615,5,10,15,0,-5,0
616,6,9,15,0,-3,0
617,7,8,15,0,-1,0
618,8,7,15,0,1,0
619,8,7,15,0,1,0
620,8,7,15,0,1,0
621,8,7,15,0,1,0
622,8,7,15,0,1,0
623,8,7,15,0,1,0
624,8,7,15,0,1,0
625,8,7,15,0,1,0
626,9,6,15,0,3,0
627,10,5,15,0,5,0
628,9,6,15,0,3,0
629,9,6,15,0,3,0
630,9,6,15,0,3,0
631,9,6,15,0,3,0
632,8,7,15,0,1,0
633,9,6,15,0,3,0
634,9,6,15,0,3,0
635,8,7,15,0,1,0
636,8,7,15,0,1,0
637,9,6,15,0,3,0
638,10,5,15,0,5,0
639,11,4,15,0,7,0
640,11,4,15,0,7,0
641,10,5,15,0,5,0
642,11,4,15,0,7,0
643,10,5,15,0,5,0
644,10,5,15,0,5,0
645,11,4,15,0,7,0
646,12,3,15,0,9,0
647,13,2,15,0,11,0
648,13,2,15,0,11,0
649,13,2,15,0,11,0
650,12,3,15,0,9,0
651,13,2,15,0,11,0
652,13,2,15,0,11,0
653,13,2,15,0,11,0
654,12,3,15,0,9,0
655,12,3,15,0,9,0
656,12,3,15,0,9,0
657,13,2,15,0,11,0
658,14,1,15,0,13,0
659,14,1,15,0,13,0
660,13,2,15,0,11,0
661,13,2,15,0,11,0
662,14,1,15,0,13,0
663,14,1,15,0,13,0
664,15,0,15,0,15,0
665,14,1,15,0,13,0
666,13,2,15,0,11,0
667,13,2,15,0,11,0
668,12,3,15,0,9,0
669,11,4,15,0,7,0
670,10,5,15,0,5,0
671,10,5,15,0,5,0
672,10,5,15,0,5,0
673,10,5,15,0,5,0
674,11,4,15,0,7,0
675,11,4,15,0,7,0
676,11,4,15,0,7,0
677,10,5,15,0,5,0
678,10,5,15,0,5,0
679,11,4,15,0,7,0
680,12,3,15,0,9,0
681,13,2,15,0,11,0
682,14,1,15,0,13,0
683,13,2,15,0,11,0
684,12,3,15,0,9,0
685,12,3,15,0,9,0
686,12,3,15,0,9,0
687,12,3,15,0,9,0
688,12,3,15,0,9,0
689,12,3,15,0,9,0
690,12,3,15,0,9,0
691,13,2,15,0,11,0
692,12,3,15,0,9,0
693,11,4,15,0,7,0
694,11,4,15,0,7,0
695,12,3,15,0,9,0
696,12,3,15,0,9,0
697,11,4,15,0,7,0
698,10,5,15,0,5,0
699,11,4,15,0,7,0
700,12,3,15,0,9,0
701,12,3,15,0,9,0
702,12,3,15,0,9,0
703,13,2,15,0,11,0
704,13,2,15,0,11,0
705,13,2,15,0,11,0
706,12,3,15,0,9,0
707,12,3,15,0,9,0
708,13,2,15,0,11,0
709,14,1,15,0,13,0
710,13,2,15,0,11,0
711,14,1,15,0,13,0
712,15,0,15,0,15,0
713,15,0,15,1,15,0
714,15,0,15,1,15,0
715,15,0,15,1,15,0
716,15,0,15,2,15,0
717,14,1,15,2,13,0
718,14,1,15,2,13,0
719,15,0,15,2,15,0
720,15,0,15,2,15,0
721,15,0,15,2,15,0
722,15,0,15,3,15,0
723,14,1,15,3,13,0
724,14,1,15,3,13,0
725,14,1,15,3,13,0
726,14,1,15,3,13,0
727,13,2,15,3,11,0
728,12,3,15,3,9,0
729,12,3,15,3,9,0
730,11,4,15,3,7,0
731,11,4,15,3,7,0
732,12,3,15,3,9,0
733,13,2,15,3,11,0
734,12,3,15,3,9,0
735,12,3,15,3,9,0
736,11,4,15,3,7,0
737,11,4,15,3,7,0
738,10,5,15,3,5,0
739,10,5,15,3,5,0
740,10,5,15,3,5,0
741,11,4,15,3,7,0
742,11,4,15,3,7,0
743,10,5,15,3,5,0
744,10,5,15,3,5,0
745,10,5,15,3,5,0
746,10,5,15,3,5,0
747,10,5,15,3,5,0
748,10,5,15,3,5,0
749,10,5,15,3,5,0
750,10,5,15,3,5,0
751,10,5,15,3,5,0
752,9,6,15,3,3,0
753,9,6,15,3,3,0
754,9,6,15,3,3,0
755,9,6,15,3,3,0
756,9,6,15,3,3,0
757,9,6,15,3,3,0
758,8,7,15,3,1,0
759,8,7,15,3,1,0
760,8,7,15,3,1,0
761,9,6,15,3,3,0
762,8,7,15,3,1,0
763,8,7,15,3,1,0
764,9,6,15,3,3,0
765,8,7,15,3,1,0
766,8,7,15,3,1,0
767,7,8,15,3,-1,0
768,8,7,15,3,1,0
769,7,8,15,3,-1,0
770,7,8,15,3,-1,0
771,7,8,15,3,-1,0
772,6,9,15,3,-3,0
773,7,8,15,3,-1,0
774,7,8,15,3,-1,0
775,7,8,15,3,-1,0
776,7,8,15,3,-1,0
777,7,8,15,3,-1,0
778,8,7,15,3,1,0
779,8,7,15,3,1,0
780,9,6,15,3,3,0
781,10,5,15,3,5,0
782,10,5,15,3,5,0
783,9,6,15,3,3,0
784,10,5,15,3,5,0
785,10,5,15,3,5,0
786,10,5,15,3,5,0
787,9,6,15,3,3,0
788,10,5,15,3,5,0
789,9,6,15,3,3,0
790,10,5,15,3,5,0
791,11,4,15,3,7,0
792,12,3,15,3,9,0
793,12,3,15,3,9,0
794,11,4,15,3,7,0
795,11,4,15,3,7,0
796,11,4,15,3,7,0
797,11,4,15,3,7,0
798,11,4,15,3,7,0
799,10,5,15,3,5,0
800,10,5,15,3,5,0
801,9,6,15,3,3,0
802,8,7,15,3,1,0
803,8,7,15,3,1,0
804,8,7,15,3,1,0
805,8,7,15,3,1,0
806,8,7,15,3,1,0
807,9,6,15,3,3,0
808,9,6,15,3,3,0
809,10,5,15,3,5,0
810,10,5,15,3,5,0
811,10,5,15,3,5,0
812,10,5,15,3,5,0
813,10,5,15,3,5,0
814,10,5,15,3,5,0
815,10,5,15,3,5,0
816,11,4,15,3,7,0
817,10,5,15,3,5,0
818,10,5,15,3,5,0
819,10,5,15,3,5,0
820,10,5,15,3,5,0
821,10,5,15,3,5,0
822,9,6,15,3,3,0
823,9,6,15,3,3,0
824,10,5,15,3,5,0
825,11,4,15,3,7,0
826,10,5,15,3,5,0
827,10,5,15,3,5,0
828,9,6,15,3,3,0
829,9,6,15,3,3,0
830,9,6,15,3,3,0
831,9,6,15,3,3,0
832,8,7,15,3,1,0
833,7,8,15,3,-1,0
834,8,7,15,3,1,0
835,8,7,15,3,1,0
836,8,7,15,3,1,0
837,8,7,15,3,1,0
838,8,7,15,3,1,0
839,9,6,15,3,3,0
840,9,6,15,3,3,0
841,9,6,15,3,3,0
842,9,6,15,3,3,0
843,10,5,15,3,5,0
844,11,4,15,3,7,0
845,10,5,15,3,5,0
846,10,5,15,3,5,0
847,10,5,15,3,5,0
848,10,5,15,3,5,0
849,9,6,15,3,3,0
850,9,6,15,3,3,0
851,8,7,15,3,1,0
852,8,7,15,3,1,0
853,7,8,15,3,-1,0
854,7,8,15,3,-1,0
855,7,8,15,3,-1,0
856,6,9,15,3,-3,0
857,6,9,15,3,-3,0
858,6,9,15,3,-3,0
859,5,10,15,3,-5,0
860,4,11,15,3,-7,0
861,4,11,15,3,-7,0
862,4,11,15,3,-7,0
863,4,11,15,3,-7,0
864,4,11,15,3,-7,0
865,5,10,15,3,-5,0
866,6,9,15,3,-3,0
867,5,10,15,3,-5,0
868,6,9,15,3,-3,0
869,6,9,15,3,-3,0
870,5,10,15,3,-5,0
871,5,10,15,3,-5,0
872,5,10,15,3,-5,0
873,6,9,15,3,-3,0
874,6,9,15,3,-3,0
875,5,10,15,3,-5,0
876,6,9,15,3,-3,0
877,7,8,15,3,-1,0
878,8,7,15,3,1,0
879,7,8,15,3,-1,0
880,7,8,15,3,-1,0
881,6,9,15,3,-3,0
882,7,8,15,3,-1,0
883,7,8,15,3,-1,0
884,6,9,15,3,-3,0
885,6,9,15,3,-3,0
886,7,8,15,3,-1,0
887,7,8,15,3,-1,0
888,7,8,15,3,-1,0
889,7,8,15,3,-1,0
890,8,7,15,3,1,0
891,8,7,15,3,1,0
892,8,7,15,3,1,0
893,8,7,15,3,1,0
894,8,7,15,3,1,0
895,8,7,15,3,1,0
896,8,7,15,3,1,0
897,8,7,15,3,1,0
898,8,7,15,3,1,0
899,9,6,15,3,3,0
900,8,7,15,3,1,0
901,7,8,15,3,-1,0
902,7,8,15,3,-1,0
903,6,9,15,3,-3,0
904,7,8,15,3,-1,0
905,7,8,15,3,-1,0
906,7,8,15,3,-1,0
907,7,8,15,3,-1,0
908,7,8,15,3,-1,0
909,7,8,15,3,-1,0
910,7,8,15,3,-1,0
911,6,9,15,3,-3,0
912,6,9,15,3,-3,0
913,6,9,15,3,-3,0
914,5,10,15,3,-5,0
915,5,10,15,3,-5,0
916,4,11,15,3,-7,0
917,4,11,15,3,-7,0
918,3,12,15,3,-9,0
919,2,13,15,3,-11,0
920,2,13,15,3,-11,0
921,2,13,15,3,-11,0
922,1,14,15,3,-13,0
923,1,14,15,3,-13,0
924,2,13,15,3,-11,0
925,2,13,15,3,-11,0
926,3,12,15,3,-9,0
927,2,13,15,3,-11,0
928,2,13,15,3,-11,0
929,2,13,15,3,-11,0
930,2,13,15,3,-11,0
931,2,13,15,3,-11,0
932,2,13,15,3,-11,0
933,1,14,15,3,-13,0
934,2,13,15,3,-11,0
935,2,13,15,3,-11,0
936,2,13,15,3,-11,0
937,1,14,15,3,-13,0
938,1,14,15,3,-13,0
939,1,14,15,3,-13,0
940,2,13,15,3,-11,0
941,1,14,15,3,-13,0
942,0,15,15,3,-15,0
943,1,14,16,3,-13,0
944,2,13,16,3,-11,0
945,1,14,16,3,-13,0
946,1,14,16,3,-13,0
947,0,15,16,3,-15,0
948,1,14,16,3,-13,0
949,1,14,16,3,-13,0
950,0,15,16,3,-15,0
951,1,14,17,3,-13,0
952,0,15,17,3,-15,0
953,0,15,17,3,-15,0
954,0,15,18,3,-15,0
955,0,15,19,3,-15,0
956,1,14,19,3,-13,0
957,1,14,19,3,-13,0
958,0,15,19,3,-15,0
959,1,14,20,3,-13,0
960,0,15,20,3,-15,0
961,1,14,20,3,-13,0
962,1,14,20,3,-13,0
963,2,13,20,3,-11,0
964,2,13,20,3,-11,0
965,2,13,20,3,-11,0
966,2,13,20,3,-11,0
967,3,12,20,3,-9,0
968,4,11,20,3,-7,0
969,4,11,20,3,-7,0
970,3,12,20,3,-9,0
971,3,12,20,3,-9,0
972,2,13,20,3,-11,0
973,3,12,20,3,-9,0
974,3,12,20,3,-9,0
975,4,11,20,3,-7,0
976,3,12,20,3,-9,0
977,3,12,20,3,-9,0
978,3,12,20,3,-9,0
979,2,13,20,3,-11,0
980,2,13,20,3,-11,0
981,2,13,20,3,-11,0
982,3,12,20,3,-9,0
983,3,12,20,3,-9,0
984,2,13,20,3,-11,0
985,2,13,20,3,-11,0
986,3,12,20,3,-9,0
987,2,13,20,3,-11,0
988,3,12,20,3,-9,0
989,3,12,20,3,-9,0
990,3,12,20,3,-9,0
991,3,12,20,3,-9,0
992,3,12,20,3,-9,0
993,4,11,20,3,-7,0
994,5,10,20,3,-5,0
995,6,9,20,3,-3,0
996,5,10,20,3,-5,0
997,5,10,20,3,-5,0
998,5,10,20,3,-5,0
999,5,10,20,3,-5,0
0,10,5,0,0,5,1
1,10,5,0,0,5,1
2,10,5,0,0,5,1
3,10,5,0,0,5,1
4,10,5,0,0,5,1
5,10,5,0,0,5,1
6,11,4,0,0,7,1
7,12,3,0,0,9,1
8,12,3,0,0,9,1
9,12,3,0,0,9,1
10,13,2,0,0,11,1
11,13,2,0,0,11,1
12,13,2,0,0,11,1
13,13,2,0,0,11,1
14,13,2,0,0,11,1
15,12,3,0,0,9,1
16,13,2,0,0,11,1
17,13,2,0,0,11,1
18,14,1,0,0,13,1
19,14,1,0,0,13,1
20,14,1,0,0,13,1
21,15,0,0,0,15,1
22,15,0,0,1,15,1
23,15,0,0,1,15,1
24,14,1,0,1,13,1
25,14,1,0,1,13,1
26,14,1,0,1,13,1
27,13,2,0,1,11,1
28,14,1,0,1,13,1
29,14,1,0,1,13,1
30,15,0,0,1,15,1
31,14,1,0,1,13,1
32,14,1,0,1,13,1
33,14,1,0,1,13,1
34,14,1,0,1,13,1
35,13,2,0,1,11,1
36,13,2,0,1,11,1
37,14,1,0,1,13,1
38,14,1,0,1,13,1
39,15,0,0,1,15,1
40,15,0,0,1,15,1
41,15,0,0,1,15,1
42,15,0,0,1,15,1
43,15,0,0,1,15,1
44,14,1,0,1,13,1
45,15,0,0,1,15,1
46,15,0,0,1,15,1
47,15,0,0,1,15,1
48,15,0,0,1,15,1
49,14,1,0,1,13,1
50,13,2,0,1,11,1
51,13,2,0,1,11,1
52,14,1,0,1,13,1
53,15,0,0,1,15,1
54,15,0,0,1,15,1
55,15,0,0,2,15,1
56,14,1,0,2,13,1
57,13,2,0,2,11,1
58,14,1,0,2,13,1
59,14,1,0,2,13,1
60,13,2,0,2,11,1
61,14,1,0,2,13,1
62,13,2,0,2,11,1
63,13,2,0,2,11,1
64,14,1,0,2,13,1
65,15,0,0,2,15,1
66,15,0,0,2,15,1
67,15,0,0,3,15,1
68,15,0,0,4,15,1
69,15,0,0,4,15,1
70,15,0,0,4,15,1
71,15,0,0,4,15,1
72,15,0,0,4,15,1
73,15,0,0,4,15,1
74,15,0,0,4,15,1
75,15,0,0,4,15,1
76,14,1,0,4,13,1
77,15,0,0,4,15,1
78,15,0,0,4,15,1
79,15,0,0,5,15,1
80,14,1,0,5,13,1
81,15,0,0,5,15,1
82,14,1,0,5,13,1
83,15,0,0,5,15,1
84,15,0,0,5,15,1
85,15,0,0,5,15,1
86,15,0,0,6,15,1
87,15,0,0,7,15,1
88,15,0,0,8,15,1
89,14,1,0,8,13,1
90,13,2,0,8,11,1
91,14,1,0,8,13,1
92,14,1,0,8,13,1
93,13,2,0,8,11,1
94,13,2,0,8,11,1
95,12,3,0,8,9,1
96,13,2,0,8,11,1
97,14,1,0,8,13,1
98,14,1,0,8,13,1
99,15,0,0,8,15,1
100,15,0,0,8,15,1
101,15,0,0,8,15,1
102,14,1,0,8,13,1
103,14,1,0,8,13,1
104,13,2,0,8,11,1
105,12,3,0,8,9,1
106,11,4,0,8,7,1
107,11,4,0,8,7,1
108,11,4,0,8,7,1
109,11,4,0,8,7,1
110,10,5,0,8,5,1
111,10,5,0,8,5,1
112,11,4,0,8,7,1
113,10,5,0,8,5,1
114,11,4,0,8,7,1
115,10,5,0,8,5,1
116,10,5,0,8,5,1
117,9,6,0,8,3,1
118,8,7,0,8,1,1
119,7,8,0,8,-1,1
120,6,9,0,8,-3,1
121,5,10,0,8,-5,1
122,4,11,0,8,-7,1
123,5,10,0,8,-5,1
124,6,9,0,8,-3,1
125,7,8,0,8,-1,1
126,7,8,0,8,-1,1
127,7,8,0,8,-1,1
128,7,8,0,8,-1,1
129,8,7,0,8,1,1
130,9,6,0,8,3,1
131,10,5,0,8,5,1
132,11,4,0,8,7,1
133,11,4,0,8,7,1
134,10,5,0,8,5,1
135,10,5,0,8,5,1
136,10,5,0,8,5,1
137,11,4,0,8,7,1
138,11,4,0,8,7,1
139,10,5,0,8,5,1
140,10,5,0,8,5,1
141,10,5,0,8,5,1
142,11,4,0,8,7,1
143,11,4,0,8,7,1
144,12,3,0,8,9,1
145,12,3,0,8,9,1
146,12,3,0,8,9,1
147,13,2,0,8,11,1
148,12,3,0,8,9,1
149,13,2,0,8,11,1
150,13,2,0,8,11,1
151,13,2,0,8,11,1
152,12,3,0,8,9,1
153,12,3,0,8,9,1
154,12,3,0,8,9,1
155,13,2,0,8,11,1
156,13,2,0,8,11,1
157,13,2,0,8,11,1
158,13,2,0,8,11,1
159,13,2,0,8,11,1
160,14,1,0,8,13,1
161,14,1,0,8,13,1
162,13,2,0,8,11,1
163,13,2,0,8,11,1
164,13,2,0,8,11,1
165,14,1,0,8,13,1
166,14,1,0,8,13,1
167,14,1,0,8,13,1
168,14,1,0,8,13,1
169,15,0,0,8,15,1
170,15,0,0,8,15,1
171,15,0,0,9,15,1
172,15,0,0,10,15,1
173,15,0,0,11,15,1
174,15,0,0,12,15,1
175,15,0,0,13,15,1
176,15,0,0,13,15,1
177,14,1,0,13,13,1
178,14,1,0,13,13,1
179,13,2,0,13,11,1
180,14,1,0,13,13,1
181,14,1,0,13,13,1
182,15,0,0,13,15,1
183,15,0,0,13,15,1
184,15,0,0,14,15,1
185,15,0,0,14,15,1
186,15,0,0,14,15,1
187,15,0,0,15,15,1
188,15,0,0,15,15,1
189,14,1,0,15,13,1
190,15,0,0,15,15,1
191,15,0,0,16,15,1
192,15,0,0,16,15,1
193,15,0,0,16,15,1
194,15,0,0,16,15,1
195,15,0,0,17,15,1
196,15,0,0,17,15,1
197,14,1,0,17,13,1
198,14,1,0,17,13,1
199,14,1,0,17,13,1
200,14,1,0,17,13,1
201,14,1,0,17,13,1
202,15,0,0,17,15,1
203,14,1,0,17,13,1
204,13,2,0,17,11,1
205,13,2,0,17,11,1
206,12,3,0,17,9,1
207,12,3,0,17,9,1
208,13,2,0,17,11,1
209,13,2,0,17,11,1
210,13,2,0,17,11,1
211,13,2,0,17,11,1
212,14,1,0,17,13,1
213,15,0,0,17,15,1
214,15,0,0,17,15,1
215,15,0,0,17,15,1
216,15,0,0,17,15,1
217,14,1,0,17,13,1
218,15,0,0,17,15,1
219,15,0,0,18,15,1
220,15,0,0,18,15,1
221,15,0,0,18,15,1
222,15,0,0,18,15,1
223,15,0,0,19,15,1
224,15,0,0,20,15,1
225,15,0,0,21,15,1
226,15,0,0,22,15,1
227,15,0,0,22,15,1
228,15,0,0,22,15,1
229,15,0,0,23,15,1
230,14,1,0,23,13,1
231,13,2,0,23,11,1
232,13,2,0,23,11,1
233,13,2,0,23,11,1
234,14,1,0,23,13,1
235,14,1,0,23,13,1
236,14,1,0,23,13,1
237,14,1,0,23,13,1
238,13,2,0,23,11,1
239,13,2,0,23,11,1
240,13,2,0,23,11,1
241,13,2,0,23,11,1
242,13,2,0,23,11,1
243,13,2,0,23,11,1
244,14,1,0,23,13,1
245,15,0,0,23,15,1
246,15,0,0,24,15,1
247,14,1,0,24,13,1
248,14,1,0,24,13,1
249,14,1,0,24,13,1
250,14,1,0,24,13,1
251,13,2,0,24,11,1
252,14,1,0,24,13,1
253,15,0,0,24,15,1
254,14,1,0,24,13,1
255,15,0,0,24,15,1
256,15,0,0,24,15,1
257,15,0,0,24,15,1
258,15,0,0,24,15,1
259,14,1,0,24,13,1
260,15,0,0,24,15,1
261,15,0,0,24,15,1
262,15,0,0,25,15,1
263,14,1,0,25,13,1
264,15,0,0,25,15,1
265,15,0,0,26,15,1
266,15,0,0,26,15,1
267,14,1,0,26,13,1
268,15,0,0,26,15,1
269,15,0,0,26,15,1
270,15,0,0,26,15,1
271,15,0,0,27,15,1
272,15,0,0,28,15,1
273,15,0,0,28,15,1
274,15,0,0,28,15,1
275,15,0,0,28,15,1
276,15,0,0,29,15,1
277,15,0,0,29,15,1
278,14,1,0,29,13,1
279,15,0,0,29,15,1
280,15,0,0,29,15,1
281,15,0,0,29,15,1
282,15,0,0,30,15,1
283,15,0,0,31,15,1
284,15,0,0,31,15,1
285,14,1,0,31,13,1
286,15,0,0,31,15,1
287,15,0,0,31,15,1
288,15,0,0,32,15,1
289,15,0,0,32,15,1
290,15,0,0,32,15,1
291,15,0,0,33,15,1
292,15,0,0,34,15,1
293,15,0,0,34,15,1
294,14,1,0,34,13,1
295,13,2,0,34,11,1
296,14,1,0,34,13,1
297,14,1,0,34,13,1
298,14,1,0,34,13,1
299,14,1,0,34,13,1
300,13,2,0,34,11,1
301,13,2,0,34,11,1
302,13,2,0,34,11,1
303,12,3,0,34,9,1
304,12,3,0,34,9,1
305,12,3,0,34,9,1
306,13,2,0,34,11,1
307,14,1,0,34,13,1
308,13,2,0,34,11,1
309,12,3,0,34,9,1
310,13,2,0,34,11,1
311,13,2,0,34,11,1
312,12,3,0,34,9,1
313,12,3,0,34,9,1
314,12,3,0,34,9,1
315,12,3,0,34,9,1
316,12,3,0,34,9,1
317,13,2,0,34,11,1
318,13,2,0,34,11,1
319,13,2,0,34,11,1
320,13,2,0,34,11,1
321,13,2,0,34,11,1
322,14,1,0,34,13,1
323,14,1,0,34,13,1
324,15,0,0,34,15,1
325,15,0,0,34,15,1
326,15,0,0,34,15,1
327,15,0,0,34,15,1
328,14,1,0,34,13,1
329,13,2,0,34,11,1
330,14,1,0,34,13,1
331,14,1,0,34,13,1
332,13,2,0,34,11,1
333,14,1,0,34,13,1
334,14,1,0,34,13,1
335,14,1,0,34,13,1
336,14,1,0,34,13,1
337,15,0,0,34,15,1
338,15,0,0,34,15,1
339,15,0,0,35,15,1
340,15,0,0,36,15,1
341,15,0,0,36,15,1
342,15,0,0,36,15,1
343,15,0,0,36,15,1
344,15,0,0,36,15,1
345,15,0,0,36,15,1
346,15,0,0,37,15,1
347,14,1,0,37,13,1
348,14,1,0,37,13,1
349,15,0,0,37,15,1
350,15,0,0,37,15,1
351,15,0,0,37,15,1
352,14,1,0,37,13,1
353,13,2,0,37,11,1
354,14,1,0,37,13,1
355,14,1,0,37,13,1
356,14,1,0,37,13,1
357,13,2,0,37,11,1
358,14,1,0,37,13,1
359,13,2,0,37,11,1
360,12,3,0,37,9,1
361,13,2,0,37,11,1
362,13,2,0,37,11,1
363,13,2,0,37,11,1
364,13,2,0,37,11,1
365,13,2,0,37,11,1
366,13,2,0,37,11,1
367,13,2,0,37,11,1
368,13,2,0,37,11,1
369,14,1,0,37,13,1
370,14,1,0,37,13,1
371,15,0,0,37,15,1
372,15,0,0,37,15,1
373,15,0,0,38,15,1
374,15,0,0,39,15,1
375,15,0,0,40,15,1
376,14,1,0,40,13,1
377,14,1,0,40,13,1
378,14,1,0,40,13,1
379,14,1,0,40,13,1
380,14,1,0,40,13,1
381,15,0,0,40,15,1
382,15,0,0,41,15,1
383,15,0,0,41,15,1
384,15,0,0,41,15,1
385,14,1,0,41,13,1
386,14,1,0,41,13,1
387,15,0,0,41,15,1
388,15,0,0,41,15,1
389,15,0,0,41,15,1
390,15,0,0,41,15,1
391,15,0,0,41,15,1
392,14,1,0,41,13,1
393,14,1,0,41,13,1
394,13,2,0,41,11,1
395,13,2,0,41,11,1
396,13,2,0,41,11,1
397,13,2,0,41,11,1
398,13,2,0,41,11,1
399,12,3,0,41,9,1
400,12,3,0,41,9,1
401,11,4,0,41,7,1
402,11,4,0,41,7,1
403,11,4,0,41,7,1
404,10,5,0,41,5,1
405,10,5,0,41,5,1
406,10,5,0,41,5,1
407,9,6,0,41,3,1
408,9,6,0,41,3,1
409,9,6,0,41,3,1
410,9,6,0,41,3,1
411,10,5,0,41,5,1
412,11,4,0,41,7,1
413,12,3,0,41,9,1
414,13,2,0,41,11,1
415,12,3,0,41,9,1
416,13,2,0,41,11,1
417,14,1,0,41,13,1
418,15,0,0,41,15,1
419,14,1,0,41,13,1
420,14,1,0,41,13,1
421,14,1,0,41,13,1
422,14,1,0,41,13,1
423,14,1,0,41,13,1
424,14,1,0,41,13,1
425,15,0,0,41,15,1
426,15,0,0,41,15,1
427,15,0,0,41,15,1
428,14,1,0,41,13,1
429,13,2,0,41,11,1
430,13,2,0,41,11,1
431,14,1,0,41,13,1
432,14,1,0,41,13,1
433,15,0,0,41,15,1
434,15,0,0,41,15,1
435,15,0,0,42,15,1
436,14,1,0,42,13,1
437,14,1,0,42,13,1
438,14,1,0,42,13,1
439,15,0,0,42,15,1
440,14,1,0,42,13,1
441,14,1,0,42,13,1
442,15,0,0,42,15,1
443,15,0,0,43,15,1
444,15,0,0,44,15,1
445,15,0,0,45,15,1
446,15,0,0,45,15,1
447,15,0,0,46,15,1
448,15,0,0,46,15,1
449,15,0,0,46,15,1
450,15,0,0,46,15,1
451,15,0,0,46,15,1
452,15,0,0,47,15,1
453,15,0,0,48,15,1
454,14,1,0,48,13,1
455,15,0,0,48,15,1
456,15,0,0,48,15,1
457,15,0,0,48,15,1
458,14,1,0,48,13,1
459,13,2,0,48,11,1
460,13,2,0,48,11,1
461,12,3,0,48,9,1
462,13,2,0,48,11,1
463,13,2,0,48,11,1
464,13,2,0,48,11,1
465,14,1,0,48,13,1
466,15,0,0,48,15,1
467,15,0,0,48,15,1
468,15,0,0,48,15,1
469,14,1,0,48,13,1
470,13,2,0,48,11,1
471,13,2,0,48,11,1
472,14,1,0,48,13,1
473,15,0,0,48,15,1
474,15,0,0,48,15,1
475,15,0,0,49,15,1
476,15,0,0,50,15,1
477,15,0,0,51,15,1
478,15,0,0,52,15,1
479,14,1,0,52,13,1
480,14,1,0,52,13,1
481,13,2,0,52,11,1
482,13,2,0,52,11,1
483,14,1,0,52,13,1
484,14,1,0,52,13,1
485,15,0,0,52,15,1
486,15,0,0,52,15,1
487,15,0,0,52,15,1
488,15,0,0,52,15,1
489,14,1,0,52,13,1
490,15,0,0,52,15,1
491,15,0,0,52,15,1
492,15,0,0,53,15,1
493,15,0,0,54,15,1
494,15,0,0,55,15,1
495,15,0,0,56,15,1
496,15,0,0,57,15,1
497,15,0,0,57,15,1
498,15,0,0,58,15,1
499,15,0,0,58,15,1
500,14,1,0,58,13,1
501,13,2,0,58,11,1
502,13,2,0,58,11,1
503,12,3,0,58,9,1
504,12,3,0,58,9,1
505,12,3,0,58,9,1
506,13,2,0,58,11,1
507,13,2,0,58,11,1
508,14,1,0,58,13,1
509,14,1,0,58,13,1
510,15,0,0,58,15,1
511,15,0,0,58,15,1
512,15,0,0,58,15,1
513,15,0,0,58,15,1
514,15,0,0,58,15,1
515,15,0,0,59,15,1
516,15,0,0,59,15,1
517,14,1,0,59,13,1
518,14,1,0,59,13,1
519,14,1,0,59,13,1
520,15,0,0,59,15,1
521,15,0,0,59,15,1
522,15,0,0,59,15,1
523,15,0,0,60,15,1
524,15,0,0,61,15,1
525,15,0,0,62,15,1
526,15,0,0,62,15,1
527,15,0,0,63,15,1
528,15,0,0,63,15,1
529,15,0,0,63,15,1
530,14,1,0,63,13,1
531,15,0,0,63,15,1
532,14,1,0,63,13,1
533,15,0,0,63,15,1
534,15,0,0,63,15,1
535,15,0,0,64,15,1
536,15,0,0,64,15,1
537,15,0,0,64,15,1
538,15,0,0,64,15,1
539,15,0,0,65,15,1
540,15,0,0,65,15,1
541,15,0,0,66,15,1
542,15,0,0,66,15,1
543,15,0,0,66,15,1
544,15,0,0,67,15,1
545,15,0,0,67,15,1
546,15,0,0,68,15,1
547,14,1,0,68,13,1
548,14,1,0,68,13,1
549,14,1,0,68,13,1
550,14,1,0,68,13,1
551,13,2,0,68,11,1
552,13,2,0,68,11,1
553,12,3,0,68,9,1
554,12,3,0,68,9,1
555,13,2,0,68,11,1
556,14,1,0,68,13,1
557,14,1,0,68,13,1
558,14,1,0,68,13,1
559,13,2,0,68,11,1
560,12,3,0,68,9,1
561,13,2,0,68,11,1
562,13,2,0,68,11,1
563,12,3,0,68,9,1
564,13,2,0,68,11,1
565,13,2,0,68,11,1
566,14,1,0,68,13,1
567,14,1,0,68,13,1
568,13,2,0,68,11,1
569,12,3,0,68,9,1
570,13,2,0,68,11,1
571,12,3,0,68,9,1
572,11,4,0,68,7,1
573,10,5,0,68,5,1
574,11,4,0,68,7,1
575,12,3,0,68,9,1
576,13,2,0,68,11,1
577,12,3,0,68,9,1
578,12,3,0,68,9,1
579,11,4,0,68,7,1
580,10,5,0,68,5,1
581,10,5,0,68,5,1
582,11,4,0,68,7,1
583,12,3,0,68,9,1
584,13,2,0,68,11,1
585,14,1,0,68,13,1
586,15,0,0,68,15,1
587,15,0,0,68,15,1
588,15,0,0,68,15,1
589,15,0,0,68,15,1
590,15,0,0,68,15,1
591,15,0,0,68,15,1
592,14,1,0,68,13,1
593,15,0,0,68,15,1
594,14,1,0,68,13,1
595,14,1,0,68,13,1
596,13,2,0,68,11,1
597,14,1,0,68,13,1
598,14,1,0,68,13,1
599,14,1,0,68,13,1
600,15,0,0,68,15,1
601,15,0,0,69,15,1
602,15,0,0,69,15,1
603,15,0,0,70,15,1
604,15,0,0,71,15,1
605,15,0,0,71,15,1
606,15,0,0,72,15,1
607,15,0,0,73,15,1
608,15,0,0,74,15,1
609,15,0,0,74,15,1
610,14,1,0,74,13,1
611,15,0,0,74,15,1
612,15,0,0,74,15,1
613,15,0,0,74,15,1
614,15,0,0,75,15,1
615,15,0,0,76,15,1
616,15,0,0,76,15,1
617,15,0,0,76,15,1
618,15,0,0,76,15,1
619,14,1,0,76,13,1
620,14,1,0,76,13,1
621,13,2,0,76,11,1
622,13,2,0,76,11,1
623,13,2,0,76,11,1
624,13,2,0,76,11,1
625,14,1,0,76,13,1
626,15,0,0,76,15,1
627,15,0,0,76,15,1
628,15,0,0,76,15,1
629,15,0,0,76,15,1
630,14,1,0,76,13,1
631,14,1,0,76,13,1
632,13,2,0,76,11,1
633,13,2,0,76,11,1
634,12,3,0,76,9,1
635,13,2,0,76,11,1
636,13,2,0,76,11,1
637,14,1,0,76,13,1
638,15,0,0,76,15,1
639,15,0,0,77,15,1
640,15,0,0,77,15,1
641,15,0,0,77,15,1
642,15,0,0,77,15,1
643,14,1,0,77,13,1
644,14,1,0,77,13,1
645,15,0,0,77,15,1
646,15,0,0,77,15,1
647,14,1,0,77,13,1
648,15,0,0,77,15,1
649,15,0,0,78,15,1
650,15,0,0,78,15,1
651,15,0,0,78,15,1
652,15,0,0,78,15,1
653,14,1,0,78,13,1
654,14,1,0,78,13,1
655,15,0,0,78,15,1
656,15,0,0,78,15,1
657,14,1,0,78,13,1
658,14,1,0,78,13,1
659,15,0,0,78,15,1
660,15,0,0,78,15,1
661,15,0,0,78,15,1
662,15,0,0,79,15,1
663,15,0,0,80,15,1
664,15,0,0,81,15,1
665,14,1,0,81,13,1
666,14,1,0,81,13,1
667,14,1,0,81,13,1
668,14,1,0,81,13,1
669,14,1,0,81,13,1
670,14,1,0,81,13,1
671,14,1,0,81,13,1
672,15,0,0,81,15,1
673,15,0,0,81,15,1
674,15,0,0,81,15,1
675,15,0,0,81,15,1
676,14,1,0,81,13,1
677,14,1,0,81,13,1
678,14,1,0,81,13,1
679,14,1,0,81,13,1
680,15,0,0,81,15,1
681,15,0,0,82,15,1
682,15,0,0,83,15,1
683,15,0,0,83,15,1
684,15,0,0,83,15,1
685,15,0,0,83,15,1
686,15,0,0,83,15,1
687,15,0,0,83,15,1
688,15,0,0,83,15,1
689,15,0,0,83,15,1
690,14,1,0,83,13,1
691,15,0,0,83,15,1
692,15,0,0,84,15,1
693,15,0,0,85,15,1
694,15,0,0,85,15,1
695,15,0,0,85,15,1
696,15,0,0,86,15,1
697,15,0,0,86,15,1
698,14,1,0,86,13,1
699,14,1,0,86,13,1
700,13,2,0,86,11,1
701,12,3,0,86,9,1
702,12,3,0,86,9,1
703,12,3,0,86,9,1
704,12,3,0,86,9,1
705,13,2,0,86,11,1
706,13,2,0,86,11,1
707,13,2,0,86,11,1
708,14,1,0,86,13,1
709,14,1,0,86,13,1
710,15,0,0,86,15,1
711,14,1,0,86,13,1
712,15,0,0,86,15,1
713,15,0,0,87,15,1
714,14,1,0,87,13,1
715,15,0,0,87,15,1
716,15,0,0,88,15,1
717,15,0,0,89,15,1
718,14,1,0,89,13,1
719,15,0,0,89,15,1
720,15,0,0,89,15,1
721,15,0,0,89,15,1
722,14,1,0,89,13,1
723,13,2,0,89,11,1
724,13,2,0,89,11,1
725,13,2,0,89,11,1
726,13,2,0,89,11,1
727,14,1,0,89,13,1
728,15,0,0,89,15,1
729,15,0,0,89,15,1
730,15,0,0,90,15,1
731,14,1,0,90,13,1
732,14,1,0,90,13,1
733,14,1,0,90,13,1
734,14,1,0,90,13,1
735,14,1,0,90,13,1
736,14,1,0,90,13,1
737,14,1,0,90,13,1
738,15,0,0,90,15,1
739,14,1,0,90,13,1
740,13,2,0,90,11,1
741,12,3,0,90,9,1
742,11,4,0,90,7,1
743,10,5,0,90,5,1
744,10,5,0,90,5,1
745,9,6,0,90,3,1
746,10,5,0,90,5,1
747,10,5,0,90,5,1
748,10,5,0,90,5,1
749,10,5,0,90,5,1
750,9,6,0,90,3,1
751,10,5,0,90,5,1
752,10,5,0,90,5,1
753,11,4,0,90,7,1
754,11,4,0,90,7,1
755,11,4,0,90,7,1
756,10,5,0,90,5,1
757,11,4,0,90,7,1
758,11,4,0,90,7,1
759,12,3,0,90,9,1
760,13,2,0,90,11,1
761,13,2,0,90,11,1
762,13,2,0,90,11,1
763,14,1,0,90,13,1
764,14,1,0,90,13,1
765,13,2,0,90,11,1
766,13,2,0,90,11,1
767,13,2,0,90,11,1
768,14,1,0,90,13,1
769,14,1,0,90,13,1
770,15,0,0,90,15,1
771,15,0,0,91,15,1
772,15,0,0,91,15,1
773,15,0,0,92,15,1
774,15,0,0,92,15,1
775,15,0,0,92,15,1
776,15,0,0,93,15,1
777,15,0,0,93,15,1
778,15,0,0,94,15,1
779,15,0,0,95,15,1
780,15,0,0,95,15,1
781,15,0,0,95,15,1
782,15,0,0,96,15,1
783,15,0,0,96,15,1
784,15,0,0,96,15,1
785,15,0,0,97,15,1
786,15,0,0,97,15,1
787,15,0,0,98,15,1
788,15,0,0,99,15,1
789,14,1,0,99,13,1
790,14,1,0,99,13,1
791,14,1,0,99,13,1
792,15,0,0,99,15,1
793,14,1,0,99,13,1
794,14,1,0,99,13,1
795,14,1,0,99,13,1
796,14,1,0,99,13,1
797,15,0,0,99,15,1
798,15,0,0,100,15,1
799,15,0,0,100,15,1
800,15,0,0,100,15,1
801,14,1,0,100,13,1
802,14,1,0,100,13,1
803,14,1,0,100,13,1
804,15,0,0,100,15,1
805,15,0,0,100,15,1
806,14,1,0,100,13,1
807,13,2,0,100,11,1
808,12,3,0,100,9,1
809,12,3,0,100,9,1
810,11,4,0,100,7,1
811,10,5,0,100,5,1
812,10,5,0,100,5,1
813,10,5,0,100,5,1
814,10,5,0,100,5,1
815,11,4,0,100,7,1
816,11,4,0,100,7,1
817,11,4,0,100,7,1
818,10,5,0,100,5,1
819,9,6,0,100,3,1
820,9,6,0,100,3,1
821,9,6,0,100,3,1
822,9,6,0,100,3,1
823,9,6,0,100,3,1
824,10,5,0,100,5,1
825,9,6,0,100,3,1
826,9,6,0,100,3,1
827,9,6,0,100,3,1
828,8,7,0,100,1,1
829,8,7,0,100,1,1
830,9,6,0,100,3,1
831,9,6,0,100,3,1
832,10,5,0,100,5,1
833,11,4,0,100,7,1
834,12,3,0,100,9,1
835,13,2,0,100,11,1
836,14,1,0,100,13,1
837,14,1,0,100,13,1
838,15,0,0,100,15,1
839,15,0,0,100,15,1
840,14,1,0,100,13,1
841,13,2,0,100,11,1
842,14,1,0,100,13,1
843,13,2,0,100,11,1
844,14,1,0,100,13,1
845,15,0,0,100,15,1
846,15,0,0,100,15,1
847,15,0,0,101,15,1
848,15,0,0,102,15,1
849,14,1,0,102,13,1
850,14,1,0,102,13,1
851,15,0,0,102,15,1
852,15,0,0,102,15,1
853,15,0,0,102,15,1
854,15,0,0,103,15,1
855,14,1,0,103,13,1
856,14,1,0,103,13,1
857,15,0,0,103,15,1
858,15,0,0,104,15,1
859,14,1,0,104,13,1
860,14,1,0,104,13,1
861,14,1,0,104,13,1
862,14,1,0,104,13,1
863,14,1,0,104,13,1
864,14,1,0,104,13,1
865,15,0,0,104,15,1
866,14,1,0,104,13,1
867,14,1,0,104,13,1
868,13,2,0,104,11,1
869,13,2,0,104,11,1
870,13,2,0,104,11,1
871,14,1,0,104,13,1
872,15,0,0,104,15,1
873,15,0,0,104,15,1
874,15,0,0,105,15,1
875,15,0,0,106,15,1
876,15,0,0,106,15,1
877,15,0,0,107,15,1
878,15,0,0,107,15,1
879,14,1,0,107,13,1
880,14,1,0,107,13,1
881,14,1,0,107,13,1
882,14,1,0,107,13,1
883,15,0,0,107,15,1
884,14,1,0,107,13,1
885,14,1,0,107,13,1
886,14,1,0,107,13,1
887,15,0,0,107,15,1
888,15,0,0,107,15,1
889,14,1,0,107,13,1
890,14,1,0,107,13,1
891,15,0,0,107,15,1
892,14,1,0,107,13,1
893,14,1,0,107,13,1
894,14,1,0,107,13,1
895,14,1,0,107,13,1
896,14,1,0,107,13,1
897,15,0,0,107,15,1
898,15,0,0,107,15,1
899,15,0,0,107,15,1
900,15,0,0,108,15,1
901,14,1,0,108,13,1
902,15,0,0,108,15,1
903,14,1,0,108,13,1
904,14,1,0,108,13,1
905,14,1,0,108,13,1
906,13,2,0,108,11,1
907,12,3,0,108,9,1
908,12,3,0,108,9,1
909,12,3,0,108,9,1
910,13,2,0,108,11,1
911,14,1,0,108,13,1
912,14,1,0,108,13,1
913,13,2,0,108,11,1
914,14,1,0,108,13,1
915,14,1,0,108,13,1
916,13,2,0,108,11,1
917,14,1,0,108,13,1
918,14,1,0,108,13,1
919,14,1,0,108,13,1
920,15,0,0,108,15,1
921,15,0,0,108,15,1
922,15,0,0,109,15,1
923,15,0,0,109,15,1
924,14,1,0,109,13,1
925,15,0,0,109,15,1
926,15,0,0,109,15,1
927,15,0,0,109,15,1
928,15,0,0,109,15,1
929,15,0,0,110,15,1
930,15,0,0,110,15,1
931,15,0,0,111,15,1
932,14,1,0,111,13,1
933,13,2,0,111,11,1
934,13,2,0,111,11,1
935,12,3,0,111,9,1
936,12,3,0,111,9,1
937,12,3,0,111,9,1
938,13,2,0,111,11,1
939,13,2,0,111,11,1
940,13,2,0,111,11,1
941,12,3,0,111,9,1
942,13,2,0,111,11,1
943,12,3,0,111,9,1
944,11,4,0,111,7,1
945,12,3,0,111,9,1
946,12,3,0,111,9,1
947,12,3,0,111,9,1
948,13,2,0,111,11,1
949,14,1,0,111,13,1
950,14,1,0,111,13,1
951,15,0,0,111,15,1
952,15,0,0,111,15,1
953,14,1,0,111,13,1
954,13,2,0,111,11,1
955,13,2,0,111,11,1
956,13,2,0,111,11,1
957,14,1,0,111,13,1
958,15,0,0,111,15,1
959,15,0,0,111,15,1
960,14,1,0,111,13,1
961,14,1,0,111,13,1
962,15,0,0,111,15,1
963,15,0,0,112,15,1
964,15,0,0,112,15,1
965,14,1,0,112,13,1
966,15,0,0,112,15,1
967,15,0,0,113,15,1
968,15,0,0,113,15,1
969,15,0,0,113,15,1
970,15,0,0,113,15,1
971,15,0,0,114,15,1
972,15,0,0,114,15,1
973,15,0,0,114,15,1
974,15,0,0,114,15,1
975,15,0,0,114,15,1
976,14,1,0,114,13,1
977,14,1,0,114,13,1
978,14,1,0,114,13,1
979,14,1,0,114,13,1
980,13,2,0,114,11,1
981,14,1,0,114,13,1
982,14,1,0,114,13,1
983,13,2,0,114,11,1
984,12,3,0,114,9,1
985,12,3,0,114,9,1
986,13,2,0,114,11,1
987,13,2,0,114,11,1
988,13,2,0,114,11,1
989,12,3,0,114,9,1
990,12,3,0,114,9,1
991,12,3,0,114,9,1
992,12,3,0,114,9,1
993,13,2,0,114,11,1
994,13,2,0,114,11,1
995,14,1,0,114,13,1
996,13,2,0,114,11,1
997,12,3,0,114,9,1
998,12,3,0,114,9,1
999,12,3,0,114,9,1
0,10,5,0,0,5,2
1,10,5,0,0,5,2
2,9,6,0,0,3,2
3,9,6,0,0,3,2
4,9,6,0,0,3,2
5,9,6,0,0,3,2
6,8,7,0,0,1,2
7,8,7,0,0,1,2
8,8,7,0,0,1,2
9,8,7,0,0,1,2
10,8,7,0,0,1,2
11,8,7,0,0,1,2
12,8,7,0,0,1,2
13,9,6,0,0,3,2
14,9,6,0,0,3,2
15,9,6,0,0,3,2
16,9,6,0,0,3,2
17,9,6,0,0,3,2
18,10,5,0,0,5,2
19,10,5,0,0,5,2
20,9,6,0,0,3,2
21,9,6,0,0,3,2
22,9,6,0,0,3,2
23,10,5,0,0,5,2
24,10,5,0,0,5,2
25,11,4,0,0,7,2
26,11,4,0,0,7,2
27,10,5,0,0,5,2
28,10,5,0,0,5,2
29,10,5,0,0,5,2
30,11,4,0,0,7,2
31,11,4,0,0,7,2
32,10,5,0,0,5,2
33,10,5,0,0,5,2
34,10,5,0,0,5,2
35,10,5,0,0,5,2
36,9,6,0,0,3,2
37,9,6,0,0,3,2
38,9,6,0,0,3,2
39,8,7,0,0,1,2
40,9,6,0,0,3,2
41,8,7,0,0,1,2
42,7,8,0,0,-1,2
43,8,7,0,0,1,2
44,8,7,0,0,1,2
45,7,8,0,0,-1,2
46,7,8,0,0,-1,2
47,8,7,0,0,1,2
48,8,7,0,0,1,2
49,7,8,0,0,-1,2
50,8,7,0,0,1,2
51,8,7,0,0,1,2
52,9,6,0,0,3,2
53,10,5,0,0,5,2
54,9,6,0,0,3,2
55,8,7,0,0,1,2
56,8,7,0,0,1,2
57,9,6,0,0,3,2
58,8,7,0,0,1,2
59,7,8,0,0,-1,2
60,7,8,0,0,-1,2
61,7,8,0,0,-1,2
62,7,8,0,0,-1,2
63,7,8,0,0,-1,2
64,7,8,0,0,-1,2
65,6,9,0,0,-3,2
66,6,9,0,0,-3,2
67,5,10,0,0,-5,2
68,5,10,0,0,-5,2
69,4,11,0,0,-7,2
70,4,11,0,0,-7,2
71,4,11,0,0,-7,2
72,3,12,0,0,-9,2
73,4,11,0,0,-7,2
74,3,12,0,0,-9,2
75,2,13,0,0,-11,2
76,2,13,0,0,-11,2
77,1,14,0,0,-13,2
78,0,15,0,0,-15,2
79,1,14,0,0,-13,2
80,1,14,0,0,-13,2
81,1,14,0,0,-13,2
82,0,15,0,0,-15,2
83,0,15,1,0,-15,2
84,0,15,1,0,-15,2
85,0,15,1,0,-15,2
86,1,14,2,0,-13,2
87,2,13,2,0,-11,2
88,1,14,2,0,-13,2
89,1,14,2,0,-13,2
90,1,14,2,0,-13,2
91,2,13,2,0,-11,2
92,2,13,2,0,-11,2
93,1,14,2,0,-13,2
94,2,13,2,0,-11,2
95,1,14,2,0,-13,2
96,1,14,2,0,-13,2
97,1,14,2,0,-13,2
98,1,14,2,0,-13,2
99,2,13,2,0,-11,2
100,3,12,2,0,-9,2
101,4,11,2,0,-7,2
102,4,11,2,0,-7,2
103,5,10,2,0,-5,2
104,5,10,2,0,-5,2
105,6,9,2,0,-3,2
106,5,10,2,0,-5,2
107,5,10,2,0,-5,2
108,4,11,2,0,-7,2
109,4,11,2,0,-7,2
110,4,11,2,0,-7,2
111,4,11,2,0,-7,2
112,3,12,2,0,-9,2
113,3,12,2,0,-9,2
114,2,13,2,0,-11,2
115,2,13,2,0,-11,2
116,1,14,2,0,-13,2
117,2,13,2,0,-11,2
118,2,13,2,0,-11,2
119,2,13,2,0,-11,2
120,1,14,2,0,-13,2
121,1,14,2,0,-13,2
122,0,15,2,0,-15,2
123,1,14,2,0,-13,2
124,2,13,2,0,-11,2
125,2,13,2,0,-11,2
126,2,13,2,0,-11,2
127,1,14,2,0,-13,2
128,0,15,2,0,-15,2
129,1,14,3,0,-13,2
130,1,14,3,0,-13,2
131,0,15,3,0,-15,2
132,1,14,3,0,-13,2
133,1,14,3,0,-13,2
134,1,14,3,0,-13,2
135,1,14,3,0,-13,2
136,1,14,3,0,-13,2
137,2,13,3,0,-11,2
138,2,13,3,0,-11,2
139,1,14,3,0,-13,2
140,0,15,3,0,-15,2
141,1,14,4,0,-13,2
142,1,14,4,0,-13,2
143,1,14,4,0,-13,2
144,0,15,4,0,-15,2
145,0,15,5,0,-15,2
146,1,14,5,0,-13,2
147,1,14,5,0,-13,2
148,1,14,5,0,-13,2
149,1,14,5,0,-13,2
150,2,13,5,0,-11,2
151,1,14,5,0,-13,2
152,1,14,5,0,-13,2
153,1,14,5,0,-13,2
154,1,14,5,0,-13,2
155,1,14,5,0,-13,2
156,0,15,5,0,-15,2
157,0,15,5,0,-15,2
158,0,15,6,0,-15,2
159,0,15,6,0,-15,2
160,1,14,7,0,-13,2
161,0,15,7,0,-15,2
162,0,15,8,0,-15,2
163,0,15,8,0,-15,2
164,0,15,8,0,-15,2
165,1,14,8,0,-13,2
166,0,15,8,0,-15,2
167,0,15,9,0,-15,2
168,0,15,9,0,-15,2
169,0,15,9,0,-15,2
170,0,15,9,0,-15,2
171,1,14,10,0,-13,2
172,2,13,10,0,-11,2
173,1,14,10,0,-13,2
174,1,14,10,0,-13,2
175,0,15,10,0,-15,2
176,0,15,11,0,-15,2
177,0,15,12,0,-15,2
178,1,14,13,0,-13,2
179,2,13,13,0,-11,2
180,3,12,13,0,-9,2
181,2,13,13,0,-11,2
182,1,14,13,0,-13,2
183,2,13,13,0,-11,2
184,2,13,13,0,-11,2
185,2,13,13,0,-11,2
186,2,13,13,0,-11,2
187,2,13,13,0,-11,2
188,3,12,13,0,-9,2
189,3,12,13,0,-9,2
190,3,12,13,0,-9,2
191,3,12,13,0,-9,2
192,3,12,13,0,-9,2
193,2,13,13,0,-11,2
194,1,14,13,0,-13,2
195,2,13,13,0,-11,2
196,3,12,13,0,-9,2
197,3,12,13,0,-9,2
198,3,12,13,0,-9,2
199,4,11,13,0,-7,2
200,3,12,13,0,-9,2
201,4,11,13,0,-7,2
202,4,11,13,0,-7,2
203,4,11,13,0,-7,2
204,3,12,13,0,-9,2
205,3,12,13,0,-9,2
206,4,11,13,0,-7,2
207,3,12,13,0,-9,2
208,4,11,13,0,-7,2
209,3,12,13,0,-9,2
210,3,12,13,0,-9,2
211,3,12,13,0,-9,2
212,3,12,13,0,-9,2
213,3,12,13,0,-9,2
214,4,11,13,0,-7,2
215,3,12,13,0,-9,2
216,4,11,13,0,-7,2
217,4,11,13,0,-7,2
218,3,12,13,0,-9,2
219,4,11,13,0,-7,2
220,3,12,13,0,-9,2
221,3,12,13,0,-9,2
222,3,12,13,0,-9,2
223,3,12,13,0,-9,2
224,3,12,13,0,-9,2
225,3,12,13,0,-9,2
226,2,13,13,0,-11,2
227,2,13,13,0,-11,2
228,2,13,13,0,-11,2
229,2,13,13,0,-11,2
230,2,13,13,0,-11,2
231,2,13,13,0,-11,2
232,2,13,13,0,-11,2
233,2,13,13,0,-11,2
234,2,13,13,0,-11,2
235,3,12,13,0,-9,2
236,2,13,13,0,-11,2
237,1,14,13,0,-13,2
238,0,15,13,0,-15,2
239,0,15,14,0,-15,2
240,0,15,14,0,-15,2
241,1,14,15,0,-13,2
242,1,14,15,0,-13,2
243,1,14,15,0,-13,2
244,0,15,15,0,-15,2
245,0,15,16,0,-15,2
246,1,14,16,0,-13,2
247,1,14,16,0,-13,2
248,1,14,16,0,-13,2
249,1,14,16,0,-13,2
250,2,13,16,0,-11,2
251,1,14,16,0,-13,2
252,1,14,16,0,-13,2
253,1,14,16,0,-13,2
254,0,15,16,0,-15,2
255,0,15,16,0,-15,2
256,0,15,16,0,-15,2
257,0,15,16,0,-15,2
258,1,14,16,0,-13,2
259,0,15,16,0,-15,2
260,0,15,17,0,-15,2
261,1,14,18,0,-13,2
262,1,14,18,0,-13,2
263,0,15,18,0,-15,2
264,0,15,19,0,-15,2
265,0,15,20,0,-15,2
266,0,15,20,0,-15,2
267,1,14,21,0,-13,2
268,1,14,21,0,-13,2
269,1,14,21,0,-13,2
270,1,14,21,0,-13,2
271,0,15,21,0,-15,2
272,0,15,22,0,-15,2
273,0,15,23,0,-15,2
274,0,15,24,0,-15,2
275,0,15,25,0,-15,2
276,1,14,26,0,-13,2
277,1,14,26,0,-13,2
278,1,14,26,0,-13,2
279,0,15,26,0,-15,2
280,1,14,26,0,-13,2
281,2,13,26,0,-11,2
282,1,14,26,0,-13,2
283,1,14,26,0,-13,2
284,1,14,26,0,-13,2
285,0,15,26,0,-15,2
286,1,14,27,0,-13,2
287,1,14,27,0,-13,2
288,0,15,27,0,-15,2
289,1,14,28,0,-13,2
290,1,14,28,0,-13,2
291,0,15,28,0,-15,2
292,0,15,28,0,-15,2
293,0,15,29,0,-15,2
294,1,14,30,0,-13,2
295,2,13,30,0,-11,2
296,2,13,30,0,-11,2
297,2,13,30,0,-11,2
298,3,12,30,0,-9,2
299,2,13,30,0,-11,2
300,2,13,30,0,-11,2
301,2,13,30,0,-11,2
302,2,13,30,0,-11,2
303,3,12,30,0,-9,2
304,4,11,30,0,-7,2
305,4,11,30,0,-7,2
306,3,12,30,0,-9,2
307,2,13,30,0,-11,2
308,2,13,30,0,-11,2
309,1,14,30,0,-13,2
310,1,14,30,0,-13,2
311,1,14,30,0,-13,2
312,1,14,30,0,-13,2
313,1,14,30,0,-13,2
314,0,15,30,0,-15,2
315,0,15,31,0,-15,2
316,1,14,32,0,-13,2
317,0,15,32,0,-15,2
318,0,15,33,0,-15,2
319,1,14,33,0,-13,2
320,1,14,33,0,-13,2
321,1,14,33,0,-13,2
322,2,13,33,0,-11,2
323,2,13,33,0,-11,2
324,2,13,33,0,-11,2
325,1,14,33,0,-13,2
326,1,14,33,0,-13,2
327,2,13,33,0,-11,2
328,3,12,33,0,-9,2
329,3,12,33,0,-9,2
330,3,12,33,0,-9,2
331,4,11,33,0,-7,2
332,3,12,33,0,-9,2
333,4,11,33,0,-7,2
334,4,11,33,0,-7,2
335,4,11,33,0,-7,2
336,4,11,33,0,-7,2
337,4,11,33,0,-7,2
338,3,12,33,0,-9,2
339,3,12,33,0,-9,2
340,3,12,33,0,-9,2
341,3,12,33,0,-9,2
342,3,12,33,0,-9,2
343,4,11,33,0,-7,2
344,3,12,33,0,-9,2
345,2,13,33,0,-11,2
346,3,12,33,0,-9,2
347,2,13,33,0,-11,2
348,2,13,33,0,-11,2
349,2,13,33,0,-11,2
350,3,12,33,0,-9,2
351,3,12,33,0,-9,2
352,3,12,33,0,-9,2
353,3,12,33,0,-9,2
354,3,12,33,0,-9,2
355,3,12,33,0,-9,2
356,4,11,33,0,-7,2
357,4,11,33,0,-7,2
358,4,11,33,0,-7,2
359,5,10,33,0,-5,2
360,5,10,33,0,-5,2
361,4,11,33,0,-7,2
362,3,12,33,0,-9,2
363,2,13,33,0,-11,2
364,2,13,33,0,-11,2
365,2,13,33,0,-11,2
366,3,12,33,0,-9,2
367,4,11,33,0,-7,2
368,5,10,33,0,-5,2
369,4,11,33,0,-7,2
370,3,12,33,0,-9,2
371,2,13,33,0,-11,2
372,2,13,33,0,-11,2
373,3,12,33,0,-9,2
374,2,13,33,0,-11,2
375,2,13,33,0,-11,2
376,2,13,33,0,-11,2
377,1,14,33,0,-13,2
378,1,14,33,0,-13,2
379,1,14,33,0,-13,2
380,0,15,33,0,-15,2
381,0,15,34,0,-15,2
382,0,15,35,0,-15,2
383,0,15,36,0,-15,2
384,1,14,36,0,-13,2
385,0,15,36,0,-15,2
386,1,14,37,0,-13,2
387,1,14,37,0,-13,2
388,0,15,37,0,-15,2
389,0,15,38,0,-15,2
390,1,14,39,0,-13,2
391,1,14,39,0,-13,2
392,0,15,39,0,-15,2
393,0,15,40,0,-15,2
394,0,15,41,0,-15,2
395,1,14,42,0,-13,2
396,0,15,42,0,-15,2
397,0,15,43,0,-15,2
398,0,15,44,0,-15,2
399,0,15,45,0,-15,2
400,0,15,45,0,-15,2
401,0,15,45,0,-15,2
402,1,14,46,0,-13,2
403,2,13,46,0,-11,2
404,1,14,46,0,-13,2
405,1,14,46,0,-13,2
406,0,15,46,0,-15,2
407,0,15,46,0,-15,2
408,0,15,46,0,-15,2
409,0,15,47,0,-15,2
410,1,14,48,0,-13,2
411,1,14,48,0,-13,2
412,1,14,48,0,-13,2
413,0,15,48,0,-15,2
414,0,15,49,0,-15,2
415,0,15,50,0,-15,2
416,0,15,51,0,-15,2
417,0,15,52,0,-15,2
418,1,14,53,0,-13,2
419,1,14,53,0,-13,2
420,0,15,53,0,-15,2
421,0,15,54,0,-15,2
422,0,15,55,0,-15,2
423,0,15,56,0,-15,2
424,1,14,57,0,-13,2
425,0,15,57,0,-15,2
426,0,15,58,0,-15,2
427,0,15,58,0,-15,2
428,0,15,59,0,-15,2
429,0,15,60,0,-15,2
430,0,15,61,0,-15,2
431,1,14,62,0,-13,2
432,0,15,62,0,-15,2
433,0,15,62,0,-15,2
434,1,14,62,0,-13,2
435,1,14,62,0,-13,2
436,2,13,62,0,-11,2
437,3,12,62,0,-9,2
438,4,11,62,0,-7,2
439,4,11,62,0,-7,2
440,4,11,62,0,-7,2
441,5,10,62,0,-5,2
442,5,10,62,0,-5,2
443,4,11,62,0,-7,2
444,4,11,62,0,-7,2
445,4,11,62,0,-7,2
446,3,12,62,0,-9,2
447,3,12,62,0,-9,2
448,4,11,62,0,-7,2
449,4,11,62,0,-7,2
450,3,12,62,0,-9,2
451,2,13,62,0,-11,2
452,2,13,62,0,-11,2
453,1,14,62,0,-13,2
454,0,15,62,0,-15,2
455,0,15,62,0,-15,2
456,1,14,63,0,-13,2
457,2,13,63,0,-11,2
458,2,13,63,0,-11,2
459,1,14,63,0,-13,2
460,1,14,63,0,-13,2
461,1,14,63,0,-13,2
462,1,14,63,0,-13,2
463,2,13,63,0,-11,2
464,2,13,63,0,-11,2
465,2,13,63,0,-11,2
466,1,14,63,0,-13,2
467,1,14,63,0,-13,2
468,1,14,63,0,-13,2
469,0,15,63,0,-15,2
470,1,14,64,0,-13,2
471,1,14,64,0,-13,2
472,0,15,64,0,-15,2
473,0,15,65,0,-15,2
474,1,14,66,0,-13,2
475,1,14,66,0,-13,2
476,2,13,66,0,-11,2
477,2,13,66,0,-11,2
478,2,13,66,0,-11,2
479,3,12,66,0,-9,2
480,2,13,66,0,-11,2
481,3,12,66,0,-9,2
482,3,12,66,0,-9,2
483,2,13,66,0,-11,2
484,2,13,66,0,-11,2
485,2,13,66,0,-11,2
486,1,14,66,0,-13,2
487,1,14,66,0,-13,2
488,2,13,66,0,-11,2
489,3,12,66,0,-9,2
490,2,13,66,0,-11,2
491,1,14,66,0,-13,2
492,1,14,66,0,-13,2
493,0,15,66,0,-15,2
494,0,15,66,0,-15,2
495,0,15,66,0,-15,2
496,0,15,66,0,-15,2
497,1,14,67,0,-13,2
498,0,15,67,0,-15,2
499,0,15,67,0,-15,2
500,0,15,68,0,-15,2
501,1,14,69,0,-13,2
502,1,14,69,0,-13,2
503,0,15,69,0,-15,2
504,0,15,70,0,-15,2
505,1,14,71,0,-13,2
506,1,14,71,0,-13,2
507,0,15,71,0,-15,2
508,0,15,72,0,-15,2
509,1,14,73,0,-13,2
510,0,15,73,0,-15,2
511,1,14,73,0,-13,2
512,1,14,73,0,-13,2
513,0,15,73,0,-15,2
514,1,14,73,0,-13,2
515,1,14,73,0,-13,2
516,2,13,73,0,-11,2
517,2,13,73,0,-11,2
518,1,14,73,0,-13,2
519,1,14,73,0,-13,2
520,0,15,73,0,-15,2
521,0,15,74,0,-15,2
522,1,14,74,0,-13,2
523,0,15,74,0,-15,2
524,1,14,74,0,-13,2
525,0,15,74,0,-15,2
526,0,15,74,0,-15,2
527,0,15,74,0,-15,2
528,0,15,74,0,-15,2
529,0,15,75,0,-15,2
530,0,15,75,0,-15,2
531,1,14,76,0,-13,2
532,1,14,76,0,-13,2
533,0,15,76,0,-15,2
534,0,15,77,0,-15,2
535,1,14,78,0,-13,2
536,0,15,78,0,-15,2
537,0,15,79,0,-15,2
538,0,15,79,0,-15,2
539,0,15,79,0,-15,2
540,0,15,80,0,-15,2
541,1,14,81,0,-13,2
542,1,14,81,0,-13,2
543,1,14,81,0,-13,2
544,2,13,81,0,-11,2
545,2,13,81,0,-11,2
546,1,14,81,0,-13,2
547,0,15,81,0,-15,2
548,1,14,82,0,-13,2
549,2,13,82,0,-11,2
550,2,13,82,0,-11,2
551,2,13,82,0,-11,2
552,2,13,82,0,-11,2
553,2,13,82,0,-11,2
554,3,12,82,0,-9,2
555,3,12,82,0,-9,2
556,3,12,82,0,-9,2
557,3,12,82,0,-9,2
558,4,11,82,0,-7,2
559,4,11,82,0,-7,2
560,4,11,82,0,-7,2
561,3,12,82,0,-9,2
562,3,12,82,0,-9,2
563,3,12,82,0,-9,2
564,3,12,82,0,-9,2
565,3,12,82,0,-9,2
566,3,12,82,0,-9,2
567,2,13,82,0,-11,2
568,2,13,82,0,-11,2
569,1,14,82,0,-13,2
570,2,13,82,0,-11,2
571,2,13,82,0,-11,2
572,2,13,82,0,-11,2
573,3,12,82,0,-9,2
574,2,13,82,0,-11,2
575,1,14,82,0,-13,2
576,1,14,82,0,-13,2
577,1,14,82,0,-13,2
578,1,14,82,0,-13,2
579,0,15,82,0,-15,2
580,0,15,82,0,-15,2
581,1,14,82,0,-13,2
582,1,14,82,0,-13,2
583,0,15,82,0,-15,2
584,1,14,82,0,-13,2
585,2,13,82,0,-11,2
586,3,12,82,0,-9,2
587,4,11,82,0,-7,2
588,4,11,82,0,-7,2
589,4,11,82,0,-7,2
590,4,11,82,0,-7,2
591,3,12,82,0,-9,2
592,2,13,82,0,-11,2
593,2,13,82,0,-11,2
594,1,14,82,0,-13,2
595,2,13,82,0,-11,2
596,3,12,82,0,-9,2
597,2,13,82,0,-11,2
598,3,12,82,0,-9,2
599,3,12,82,0,-9,2
600,2,13,82,0,-11,2
601,3,12,82,0,-9,2
602,2,13,82,0,-11,2
603,3,12,82,0,-9,2
604,4,11,82,0,-7,2
605,4,11,82,0,-7,2
606,4,11,82,0,-7,2
607,4,11,82,0,-7,2
608,3,12,82,0,-9,2
609,3,12,82,0,-9,2
610,3,12,82,0,-9,2
611,3,12,82,0,-9,2
612,2,13,82,0,-11,2
613,2,13,82,0,-11,2
614,3,12,82,0,-9,2
615,2,13,82,0,-11,2
616,2,13,82,0,-11,2
617,1,14,82,0,-13,2
618,2,13,82,0,-11,2
619,3,12,82,0,-9,2
620,3,12,82,0,-9,2
621,2,13,82,0,-11,2
622,1,14,82,0,-13,2
623,1,14,82,0,-13,2
624,1,14,82,0,-13,2
625,1,14,82,0,-13,2
626,2,13,82,0,-11,2
627,3,12,82,0,-9,2
628,2,13,82,0,-11,2
629,2,13,82,0,-11,2
630,2,13,82,0,-11,2
631,1,14,82,0,-13,2
632,0,15,82,0,-15,2
633,0,15,83,0,-15,2
634,1,14,84,0,-13,2
635,0,15,84,0,-15,2
636,0,15,85,0,-15,2
637,1,14,86,0,-13,2
638,1,14,86,0,-13,2
639,2,13,86,0,-11,2
640,2,13,86,0,-11,2
641,2,13,86,0,-11,2
642,2,13,86,0,-11,2
643,1,14,86,0,-13,2
644,1,14,86,0,-13,2
645,0,15,86,0,-15,2
646,0,15,86,0,-15,2
647,1,14,87,0,-13,2
648,1,14,87,0,-13,2
649,1,14,87,0,-13,2
650,2,13,87,0,-11,2
651,2,13,87,0,-11,2
652,1,14,87,0,-13,2
653,0,15,87,0,-15,2
654,1,14,87,0,-13,2
655,1,14,87,0,-13,2
656,1,14,87,0,-13,2
657,0,15,87,0,-15,2
658,0,15,88,0,-15,2
659,1,14,88,0,-13,2
660,2,13,88,0,-11,2
661,1,14,88,0,-13,2
662,1,14,88,0,-13,2
663,1,14,88,0,-13,2
664,1,14,88,0,-13,2
665,1,14,88,0,-13,2
666,0,15,88,0,-15,2
667,0,15,88,0,-15,2
668,0,15,88,0,-15,2
669,1,14,89,0,-13,2
670,1,14,89,0,-13,2
671,2,13,89,0,-11,2
672,2,13,89,0,-11,2
673,3,12,89,0,-9,2
674,2,13,89,0,-11,2
675,1,14,89,0,-13,2
676,1,14,89,0,-13,2
677,1,14,89,0,-13,2
678,2,13,89,0,-11,2
679,3,12,89,0,-9,2
680,2,13,89,0,-11,2
681,2,13,89,0,-11,2
682,2,13,89,0,-11,2
683,2,13,89,0,-11,2
684,2,13,89,0,-11,2
685,2,13,89,0,-11,2
686,1,14,89,0,-13,2
687,2,13,89,0,-11,2
688,1,14,89,0,-13,2
689,2,13,89,0,-11,2
690,3,12,89,0,-9,2
691,3,12,89,0,-9,2
692,3,12,89,0,-9,2
693,2,13,89,0,-11,2
694,1,14,89,0,-13,2
695,1,14,89,0,-13,2
696,2,13,89,0,-11,2
697,1,14,89,0,-13,2
698,0,15,89,0,-15,2
699,1,14,90,0,-13,2
700,0,15,90,0,-15,2
701,1,14,91,0,-13,2
702,1,14,91,0,-13,2
703,1,14,91,0,-13,2
704,2,13,91,0,-11,2
705,2,13,91,0,-11,2
706,3,12,91,0,-9,2
707,2,13,91,0,-11,2
708,1,14,91,0,-13,2
709,1,14,91,0,-13,2
710,0,15,91,0,-15,2
711,0,15,92,0,-15,2
712,1,14,93,0,-13,2
713,1,14,93,0,-13,2
714,1,14,93,0,-13,2
715,1,14,93,0,-13,2
716,1,14,93,0,-13,2
717,1,14,93,0,-13,2
718,2,13,93,0,-11,2
719,2,13,93,0,-11,2
720,2,13,93,0,-11,2
721,2,13,93,0,-11,2
722,2,13,93,0,-11,2
723,3,12,93,0,-9,2
724,4,11,93,0,-7,2
725,4,11,93,0,-7,2
726,5,10,93,0,-5,2
727,4,11,93,0,-7,2
728,3,12,93,0,-9,2
729,4,11,93,0,-7,2
730,4,11,93,0,-7,2
731,3,12,93,0,-9,2
732,3,12,93,0,-9,2
733,4,11,93,0,-7,2
734,5,10,93,0,-5,2
735,5,10,93,0,-5,2
736,5,10,93,0,-5,2
737,5,10,93,0,-5,2
738,5,10,93,0,-5,2
739,5,10,93,0,-5,2
740,4,11,93,0,-7,2
741,5,10,93,0,-5,2
742,6,9,93,0,-3,2
743,5,10,93,0,-5,2
744,4,11,93,0,-7,2
745,5,10,93,0,-5,2
746,4,11,93,0,-7,2
747,4,11,93,0,-7,2
748,3,12,93,0,-9,2
749,4,11,93,0,-7,2
750,3,12,93,0,-9,2
751,4,11,93,0,-7,2
752,4,11,93,0,-7,2
753,4,11,93,0,-7,2
754,5,10,93,0,-5,2
755,5,10,93,0,-5,2
756,4,11,93,0,-7,2
757,3,12,93,0,-9,2
758,3,12,93,0,-9,2
759,4,11,93,0,-7,2
760,3,12,93,0,-9,2
761,3,12,93,0,-9,2
762,4,11,93,0,-7,2
763,4,11,93,0,-7,2
764,3,12,93,0,-9,2
765,4,11,93,0,-7,2
766,3,12,93,0,-9,2
767,2,13,93,0,-11,2
768,2,13,93,0,-11,2
769,2,13,93,0,-11,2
770,3,12,93,0,-9,2
771,2,13,93,0,-11,2
772,1,14,93,0,-13,2
773,1,14,93,0,-13,2
774,1,14,93,0,-13,2
775,0,15,93,0,-15,2
776,0,15,94,0,-15,2
777,0,15,95,0,-15,2
778,1,14,96,0,-13,2
779,1,14,96,0,-13,2
780,1,14,96,0,-13,2
781,0,15,96,0,-15,2
782,1,14,97,0,-13,2
783,1,14,97,0,-13,2
784,1,14,97,0,-13,2
785,1,14,97,0,-13,2
786,1,14,97,0,-13,2
787,0,15,97,0,-15,2
788,1,14,98,0,-13,2
789,1,14,98,0,-13,2
790,2,13,98,0,-11,2
791,2,13,98,0,-11,2
792,2,13,98,0,-11,2
793,2,13,98,0,-11,2
794,2,13,98,0,-11,2
795,1,14,98,0,-13,2
796,0,15,98,0,-15,2
797,1,14,98,0,-13,2
798,1,14,98,0,-13,2
799,1,14,98,0,-13,2
800,0,15,98,0,-15,2
801,1,14,98,0,-13,2
802,1,14,98,0,-13,2
803,1,14,98,0,-13,2
804,1,14,98,0,-13,2
805,0,15,98,0,-15,2
806,0,15,98,0,-15,2
807,0,15,99,0,-15,2
808,1,14,99,0,-13,2
809,0,15,99,0,-15,2
810,1,14,99,0,-13,2
811,1,14,99,0,-13,2
812,1,14,99,0,-13,2
813,1,14,99,0,-13,2
814,1,14,99,0,-13,2
815,1,14,99,0,-13,2
816,0,15,99,0,-15,2
817,1,14,100,0,-13,2
818,1,14,100,0,-13,2
819,2,13,100,0,-11,2
820,2,13,100,0,-11,2
821,2,13,100,0,-11,2
822,2,13,100,0,-11,2
823,2,13,100,0,-11,2
824,2,13,100,0,-11,2
825,1,14,100,0,-13,2
826,1,14,100,0,-13,2
827,0,15,100,0,-15,2
828,1,14,101,0,-13,2
829,0,15,101,0,-15,2
830,0,15,102,0,-15,2
831,0,15,103,0,-15,2
832,1,14,103,0,-13,2
833,1,14,103,0,-13,2
834,1,14,103,0,-13,2
835,1,14,103,0,-13,2
836,0,15,103,0,-15,2
837,1,14,103,0,-13,2
838,0,15,103,0,-15,2
839,0,15,104,0,-15,2
840,1,14,104,0,-13,2
841,2,13,104,0,-11,2
842,1,14,104,0,-13,2
843,2,13,104,0,-11,2
844,1,14,104,0,-13,2
845,1,14,104,0,-13,2
846,1,14,104,0,-13,2
847,1,14,104,0,-13,2
848,0,15,104,0,-15,2
849,1,14,105,0,-13,2
850,1,14,105,0,-13,2
851,1,14,105,0,-13,2
852,1,14,105,0,-13,2
853,2,13,105,0,-11,2
854,2,13,105,0,-11,2
855,1,14,105,0,-13,2
856,1,14,105,0,-13,2
857,2,13,105,0,-11,2
858,3,12,105,0,-9,2
859,3,12,105,0,-9,2
860,4,11,105,0,-7,2
861,4,11,105,0,-7,2
862,3,12,105,0,-9,2
863,2,13,105,0,-11,2
864,1,14,105,0,-13,2
865,1,14,105,0,-13,2
866,1,14,105,0,-13,2
867,0,15,105,0,-15,2
868,0,15,106,0,-15,2
869,0,15,107,0,-15,2
870,0,15,108,0,-15,2
871,1,14,109,0,-13,2
872,1,14,109,0,-13,2
873,1,14,109,0,-13,2
874,0,15,109,0,-15,2
875,0,15,110,0,-15,2
876,1,14,111,0,-13,2
877,2,13,111,0,-11,2
878,2,13,111,0,-11,2
879,3,12,111,0,-9,2
880,3,12,111,0,-9,2
881,2,13,111,0,-11,2
882,3,12,111,0,-9,2
883,3,12,111,0,-9,2
884,3,12,111,0,-9,2
885,3,12,111,0,-9,2
886,3,12,111,0,-9,2
887,4,11,111,0,-7,2
888,4,11,111,0,-7,2
889,3,12,111,0,-9,2
890,3,12,111,0,-9,2
891,2,13,111,0,-11,2
892,3,12,111,0,-9,2
893,2,13,111,0,-11,2
894,3,12,111,0,-9,2
895,3,12,111,0,-9,2
896,3,12,111,0,-9,2
897,2,13,111,0,-11,2
898,1,14,111,0,-13,2
899,2,13,111,0,-11,2
900,1,14,111,0,-13,2
901,2,13,111,0,-11,2
902,1,14,111,0,-13,2
903,1,14,111,0,-13,2
904,1,14,111,0,-13,2
905,1,14,111,0,-13,2
906,1,14,111,0,-13,2
907,0,15,111,0,-15,2
908,1,14,112,0,-13,2
909,1,14,112,0,-13,2
910,1,14,112,0,-13,2
911,0,15,112,0,-15,2
912,0,15,113,0,-15,2
913,0,15,114,0,-15,2
914,1,14,115,0,-13,2
915,1,14,115,0,-13,2
916,1,14,115,0,-13,2
917,1,14,115,0,-13,2
918,2,13,115,0,-11,2
919,2,13,115,0,-11,2
920,2,13,115,0,-11,2
921,2,13,115,0,-11,2
922,2,13,115,0,-11,2
923,3,12,115,0,-9,2
924,3,12,115,0,-9,2
925,2,13,115,0,-11,2
926,3,12,115,0,-9,2
927,4,11,115,0,-7,2
928,5,10,115,0,-5,2
929,6,9,115,0,-3,2
930,7,8,115,0,-1,2
931,7,8,115,0,-1,2
932,7,8,115,0,-1,2
933,6,9,115,0,-3,2
934,6,9,115,0,-3,2
935,5,10,115,0,-5,2
936,4,11,115,0,-7,2
937,5,10,115,0,-5,2
938,6,9,115,0,-3,2
939,5,10,115,0,-5,2
940,4,11,115,0,-7,2
941,4,11,115,0,-7,2
942,3,12,115,0,-9,2
943,2,13,115,0,-11,2
944,2,13,115,0,-11,2
945,2,13,115,0,-11,2
946,1,14,115,0,-13,2
947,0,15,115,0,-15,2
948,0,15,115,0,-15,2
949,0,15,116,0,-15,2
950,1,14,117,0,-13,2
951,1,14,117,0,-13,2
952,1,14,117,0,-13,2
953,2,13,117,0,-11,2
954,1,14,117,0,-13,2
955,2,13,117,0,-11,2
956,3,12,117,0,-9,2
957,2,13,117,0,-11,2
958,2,13,117,0,-11,2
959,1,14,117,0,-13,2
960,2,13,117,0,-11,2
961,1,14,117,0,-13,2
962,0,15,117,0,-15,2
963,0,15,118,0,-15,2
964,0,15,119,0,-15,2
965,1,14,119,0,-13,2
966,1,14,119,0,-13,2
967,2,13,119,0,-11,2
968,1,14,119,0,-13,2
969,1,14,119,0,-13,2
970,0,15,119,0,-15,2
971,1,14,120,0,-13,2
972,0,15,120,0,-15,2
973,1,14,120,0,-13,2
974,0,15,120,0,-15,2
975,1,14,121,0,-13,2
976,1,14,121,0,-13,2
977,1,14,121,0,-13,2
978,2,13,121,0,-11,2
979,2,13,121,0,-11,2
980,2,13,121,0,-11,2
981,1,14,121,0,-13,2
982,1,14,121,0,-13,2
983,1,14,121,0,-13,2
984,0,15,121,0,-15,2
985,0,15,122,0,-15,2
986,0,15,123,0,-15,2
987,1,14,123,0,-13,2
988,1,14,123,0,-13,2
989,2,13,123,0,-11,2
990,2,13,123,0,-11,2
991,1,14,123,0,-13,2
992,1,14,123,0,-13,2
993,1,14,123,0,-13,2
994,2,13,123,0,-11,2
995,2,13,123,0,-11,2
996,2,13,123,0,-11,2
997,2,13,123,0,-11,2
998,3,12,123,0,-9,2
999,3,12,123,0,-9,2
